$date
	Tue Mar 24 07:03:44 2026
$end
$version
	Icarus Verilog
$end
$timescale
	1ps
$end
$scope module tb_lphy_sb_pkt_enc $end
$var wire 1 ! two_frame_pkt $end
$var wire 64 " hdr_out [63:0] $end
$var wire 1 # enc_dp_out $end
$var wire 1 $ enc_cp_out $end
$var wire 64 % data_out [63:0] $end
$var parameter 64 & CP_MASK $end
$var parameter 64 ' DP_MASK $end
$var parameter 64 ( PARITY_CLEAR_MASK $end
$var reg 27 ) addr [26:0] $end
$var reg 8 * be [7:0] $end
$var reg 1 + cr $end
$var reg 64 , data_in [63:0] $end
$var reg 3 - dstid [2:0] $end
$var reg 1 . ep $end
$var reg 8 / msgcode [7:0] $end
$var reg 16 0 msginfo [15:0] $end
$var reg 8 1 msgsubcode [7:0] $end
$var reg 5 2 opcode [4:0] $end
$var reg 3 3 srcid [2:0] $end
$var reg 5 4 tag [4:0] $end
$var integer 32 5 fail_count [31:0] $end
$var integer 32 6 fc_snap [31:0] $end
$var integer 32 7 pass_count [31:0] $end
$scope function ext_addr $end
$upscope $end
$scope function ext_be $end
$upscope $end
$scope function ext_cp $end
$upscope $end
$scope function ext_cr $end
$upscope $end
$scope function ext_dp $end
$upscope $end
$scope function ext_dstid $end
$upscope $end
$scope function ext_ep $end
$upscope $end
$scope function ext_msgcode $end
$upscope $end
$scope function ext_msginfo $end
$upscope $end
$scope function ext_msgsub $end
$upscope $end
$scope function ext_opcode $end
$upscope $end
$scope function ext_srcid $end
$upscope $end
$scope function ext_tag $end
$upscope $end
$scope function ref_cp $end
$upscope $end
$scope function ref_dp $end
$upscope $end
$scope module u_dut $end
$var wire 27 8 addr [26:0] $end
$var wire 8 9 be [7:0] $end
$var wire 1 + cr $end
$var wire 64 : data_in [63:0] $end
$var wire 3 ; dstid [2:0] $end
$var wire 1 $ enc_cp_out $end
$var wire 1 # enc_dp_out $end
$var wire 1 . ep $end
$var wire 64 < hdr_out [63:0] $end
$var wire 64 = hdr_with_cp [63:0] $end
$var wire 1 > is_msg $end
$var wire 8 ? msgcode [7:0] $end
$var wire 16 @ msginfo [15:0] $end
$var wire 8 A msgsubcode [7:0] $end
$var wire 5 B opcode [4:0] $end
$var wire 3 C srcid [2:0] $end
$var wire 5 D tag [4:0] $end
$var wire 1 ! two_frame_pkt $end
$var wire 50 E payload_sel [49:0] $end
$var wire 50 F payload_reg [49:0] $end
$var wire 50 G payload_msg [49:0] $end
$var wire 64 H hdr_raw [63:0] $end
$var wire 1 I has_data $end
$var wire 1 J dp_computed $end
$var wire 64 K data_out [63:0] $end
$var wire 1 L crc_unused $end
$var wire 1 M cp_computed $end
$var parameter 32 N CP_BIT $end
$var parameter 64 O CP_MASK $end
$var parameter 32 P DP_BIT $end
$var parameter 64 Q DP_MASK $end
$scope module u_crc $end
$var wire 1 M cp_out $end
$var wire 64 R data_in [63:0] $end
$var wire 1 J dp_out $end
$var wire 1 I has_data $end
$var wire 64 S hdr_in [63:0] $end
$var wire 64 T hdr_masked [63:0] $end
$var wire 1 U mode_tx $end
$var wire 1 L parity_err $end
$var wire 1 V dp_received $end
$var wire 1 W dp_computed $end
$var wire 1 X cp_received $end
$var wire 1 Y cp_computed $end
$var parameter 32 Z CP_BIT $end
$var parameter 64 [ CP_MASK $end
$var parameter 32 \ DP_BIT $end
$var parameter 64 ] DP_MASK $end
$var parameter 64 ^ PARITY_CLEAR_MASK $end
$scope begin param_consistency_check $end
$upscope $end
$upscope $end
$scope begin param_check $end
$upscope $end
$upscope $end
$scope begin blk_g $end
$var reg 1 _ exp_hd $end
$var reg 27 ` r_ad [26:0] $end
$var reg 8 a r_be [7:0] $end
$var reg 64 b r_dat [63:0] $end
$var reg 3 c r_di [2:0] $end
$var reg 8 d r_mc [7:0] $end
$var reg 16 e r_mi [15:0] $end
$var reg 8 f r_ms [7:0] $end
$var reg 5 g r_op [4:0] $end
$var reg 3 h r_si [2:0] $end
$var reg 5 i r_tg [4:0] $end
$var integer 32 j idx [31:0] $end
$scope begin $ivl_for_loop0 $end
$var integer 32 k i [31:0] $end
$upscope $end
$upscope $end
$scope task apply_all $end
$upscope $end
$scope task chk1 $end
$upscope $end
$scope task chkN $end
$upscope $end
$scope task chk_parity $end
$upscope $end
$upscope $end
$enddefinitions $end
$comment Show the parameter values. $end
$dumpall
b1111111111100111111111111111111111111111111111111111111111111111 ^
b1000000000000000000000000000000000000000000000000000 ]
b110011 \
b10000000000000000000000000000000000000000000000000000 [
b110100 Z
b1000000000000000000000000000000000000000000000000000 Q
b110011 P
b10000000000000000000000000000000000000000000000000000 O
b110100 N
b1111111111100111111111111111111111111111111111111111111111111111 (
b1000000000000000000000000000000000000000000000000000 '
b10000000000000000000000000000000000000000000000000000 &
$end
#0
$dumpvars
b0 k
b0 j
bx i
bx h
bx g
bx f
bx e
bx d
bx c
bx b
bx a
bx `
x_
0Y
0X
0W
0V
1U
b0 T
b0 S
b0 R
0M
0L
b0 K
0J
0I
b0 H
b0 G
b0 F
b0 E
b0 D
b0 C
b0 B
b0 A
b0 @
b0 ?
0>
b0 =
b0 <
b0 ;
b0 :
b0 9
b0 8
b0 7
b0 6
b0 5
b0 4
b0 3
b0 2
b0 1
b0 0
b0 /
0.
b0 -
b0 ,
0+
b0 *
b0 )
b0 %
0$
0#
b0 "
0!
$end
#2000
b111010000000000000000000000000000000000011111111000000000 "
b111010000000000000000000000000000000000011111111000000000 <
b11111111000000000 E
1$
1M
1Y
b111000000000000000000000000000000000000011111111000000000 T
b111010000000000000000000000000000000000011111111000000000 =
b11111111000000000 F
b11111111 *
b11111111 9
b110 -
b110 ;
b111000000000000000000000000000000000000011111111000000000 H
b111000000000000000000000000000000000000011111111000000000 S
b1 3
b1 C
#3000
b10000111000000000000000000000000000000000000011111111000000000 "
b10000111000000000000000000000000000000000000011111111000000000 <
0$
0M
0Y
b10000111000000000000000000000000000000000000011111111000000000 T
b10000111000000000000000000000000000000000000011111111000000000 =
b10000111000000000000000000000000000000000000011111111000000000 H
b10000111000000000000000000000000000000000000011111111000000000 S
b100 2
b100 B
b10 7
#4000
b100000111000000000000000000000000000000000000011111111000000000 "
b100000111000000000000000000000000000000000000011111111000000000 <
b100000111000000000000000000000000000000000000011111111000000000 T
b100000111000000000000000000000000000000000000011111111000000000 =
b100000111000000000000000000000000000000000000011111111000000000 H
b100000111000000000000000000000000000000000000011111111000000000 S
b1000 2
b1000 B
b100 7
#5000
b110000111010000000000000000000000000000000000011111111000000000 "
b110000111010000000000000000000000000000000000011111111000000000 <
1$
1M
1Y
b110000111000000000000000000000000000000000000011111111000000000 T
b110000111010000000000000000000000000000000000011111111000000000 =
b110000111000000000000000000000000000000000000011111111000000000 H
b110000111000000000000000000000000000000000000011111111000000000 S
b1100 2
b1100 B
b110 7
#6000
b1 %
b1 K
1#
1J
1W
b100111001000000000000000000000000000000000011111111000000000 "
b100111001000000000000000000000000000000000011111111000000000 <
1!
1I
0$
0M
0Y
b100111000000000000000000000000000000000000011111111000000000 T
b100111000000000000000000000000000000000000011111111000000000 =
b1 ,
b1 :
b1 R
b100111000000000000000000000000000000000000011111111000000000 H
b100111000000000000000000000000000000000000011111111000000000 S
b1 2
b1 B
b1000 7
#7000
b10100111011000000000000000000000000000000000011111111000000000 "
b10100111011000000000000000000000000000000000011111111000000000 <
1$
1M
1Y
b10100111000000000000000000000000000000000000011111111000000000 T
b10100111010000000000000000000000000000000000011111111000000000 =
b10100111000000000000000000000000000000000000011111111000000000 H
b10100111000000000000000000000000000000000000011111111000000000 S
b101 2
b101 B
b1010 7
#8000
b100100111011000000000000000000000000000000000011111111000000000 "
b100100111011000000000000000000000000000000000011111111000000000 <
b100100111000000000000000000000000000000000000011111111000000000 T
b100100111010000000000000000000000000000000000011111111000000000 =
b100100111000000000000000000000000000000000000011111111000000000 H
b100100111000000000000000000000000000000000000011111111000000000 S
b1001 2
b1001 B
b1100 7
#9000
b110100111001000000000000000000000000000000000011111111000000000 "
b110100111001000000000000000000000000000000000011111111000000000 <
0$
0M
0Y
b110100111000000000000000000000000000000000000011111111000000000 T
b110100111000000000000000000000000000000000000011111111000000000 =
b110100111000000000000000000000000000000000000011111111000000000 H
b110100111000000000000000000000000000000000000011111111000000000 S
b1101 2
b1101 B
b1110 7
#10000
b1000000110100000000000000000000000000000000000011111111000000000 "
b1000000110100000000000000000000000000000000000011111111000000000 <
b0 %
b0 K
0#
0J
0W
0!
0I
b1000000110100000000000000000000000000000000000011111111000000000 T
b1000000110100000000000000000000000000000000000011111111000000000 =
b0 ,
b0 :
b0 R
b101 -
b101 ;
b1000000110100000000000000000000000000000000000011111111000000000 H
b1000000110100000000000000000000000000000000000011111111000000000 S
b10000 2
b10000 B
b10000 7
#11000
b1 %
b1 K
1#
1J
1W
b1000100110111000000000000000000000000000000000011111111000000000 "
b1000100110111000000000000000000000000000000000011111111000000000 <
1!
1I
1$
1M
1Y
b1000100110100000000000000000000000000000000000011111111000000000 T
b1000100110110000000000000000000000000000000000011111111000000000 =
b1 ,
b1 :
b1 R
b1000100110100000000000000000000000000000000000011111111000000000 H
b1000100110100000000000000000000000000000000000011111111000000000 S
b10001 2
b10001 B
b10010 7
#12000
b1100100110101000000000000000000000000000000000011111111000000000 "
b1100100110101000000000000000000000000000000000011111111000000000 <
0$
0M
0Y
b1100100110100000000000000000000000000000000000011111111000000000 T
b1100100110100000000000000000000000000000000000011111111000000000 =
b1100100110100000000000000000000000000000000000011111111000000000 H
b1100100110100000000000000000000000000000000000011111111000000000 S
b11001 2
b11001 B
b10100 7
#13000
1>
b1001001010100000000000000000000000001001010100000001000000000000 "
b1001001010100000000000000000000000001001010100000001000000000000 <
b0 %
b0 K
0#
0J
0W
b1001010100000001000000000000 E
0!
0I
0$
0M
0Y
b1001001010100000000000000000000000001001010100000001000000000000 T
b1001001010100000000000000000000000001001010100000001000000000000 =
b0 ,
b0 :
b0 R
b1 1
b1 A
b1001010100000001000000000000 G
b10010101 /
b10010101 ?
b0 F
b0 *
b0 9
b10 3
b10 C
b1001001010100000000000000000000000001001010100000001000000000000 H
b1001001010100000000000000000000000001001010100000001000000000000 S
b10010 2
b10010 B
b10110 7
#14000
b111111 %
b111111 K
b1101100110100000000000000000000000000000000100000000000000000000 "
b1101100110100000000000000000000000000000000100000000000000000000 <
b100000000000000000000 E
1!
1I
b1101100110100000000000000000000000000000000100000000000000000000 T
b1101100110100000000000000000000000000000000100000000000000000000 =
b111111 ,
b111111 :
b111111 R
b0 1
b0 A
b100000000000000000000 G
b1 /
b1 ?
b1 3
b1 C
b1101100110100000000000000000000000000000000100000000000000000000 H
b1101100110100000000000000000000000000000000100000000000000000000 S
b11011 2
b11011 B
b11000 7
#15000
0$
0M
0Y
0>
b111000000011100000000000000111111000000011111111000000000 "
b111000000011100000000000000111111000000011111111000000000 <
b0 %
b0 K
b11100000000000000111111000000011111111000000000 E
0!
0I
b111000000011100000000000000111111000000011111111000000000 T
b111000000011100000000000000111111000000011111111000000000 =
b0 ,
b0 :
b0 R
b0 G
b0 /
b0 ?
b11111111 *
b11111111 9
b1111110000000 )
b1111110000000 8
b11100000000000000111111000000011111111000000000 F
b111 4
b111 D
b110 -
b110 ;
b111000000011100000000000000111111000000011111111000000000 H
b111000000011100000000000000111111000000011111111000000000 S
b0 2
b0 B
b11010 7
#16000
1$
1M
1Y
b1101111010101101101111101110111111001010111111101111000000001101 %
b1101111010101101101111101110111111001010111111101111000000001101 K
b100100111010010111101111111111111111111111111011111111000000000 "
b100100111010010111101111111111111111111111111011111111000000000 <
b10111101111111111111111111111111011111111000000000 E
1!
1I
b100100111000010111101111111111111111111111111011111111000000000 T
b100100111010010111101111111111111111111111111011111111000000000 =
b1101111010101101101111101110111111001010111111101111000000001101 ,
b1101111010101101101111101110111111001010111111101111000000001101 :
b1101111010101101101111101110111111001010111111101111000000001101 R
b11111111111111111111111110 )
b11111111111111111111111110 8
b1111 4
b1111 D
b10111101111111111111111111111111011111111000000000 F
1.
b100100111000010111101111111111111111111111111011111111000000000 H
b100100111000010111101111111111111111111111111011111111000000000 S
b1001 2
b1001 B
b100101 7
#17000
0$
0M
0Y
b10000110100100001100000000000000000010000000000001111000000000 "
b10000110100100001100000000000000000010000000000001111000000000 <
b0 %
b0 K
b1100000000000000000010000000000001111000000000 E
0!
0I
b10000110100100001100000000000000000010000000000001111000000000 T
b10000110100100001100000000000000000010000000000001111000000000 =
b0 ,
b0 :
b0 R
b1111 *
b1111 9
b100000000 )
b100000000 8
b11 4
b11 D
b1100000000000000000010000000000001111000000000 F
0.
1+
b101 -
b101 ;
b10000110100100001100000000000000000010000000000001111000000000 H
b10000110100100001100000000000000000010000000000001111000000000 S
b100 2
b100 B
b101100 7
#18000
b1000000110110000011100000000000000000000000000011111111000000000 "
b1000000110110000011100000000000000000000000000011111111000000000 <
b11100000000000000000000000000011111111000000000 E
1$
1M
1Y
b1000000110100000011100000000000000000000000000011111111000000000 T
b1000000110110000011100000000000000000000000000011111111000000000 =
b11111111 *
b11111111 9
b0 )
b0 8
b11100000000000000000000000000011111111000000000 F
b111 4
b111 D
0+
b1000000110100000011100000000000000000000000000011111111000000000 H
b1000000110100000011100000000000000000000000000011111111000000000 S
b10000 2
b10000 B
b110000 7
#19000
b1010101111001101000100100011010001010110011110001001101010111100 %
b1010101111001101000100100011010001010110011110001001101010111100 K
b1100100110110000110000000000000000000000000000111111111000000000 "
b1100100110110000110000000000000000000000000000111111111000000000 <
b110000000000000000000000000000111111111000000000 E
1!
1I
b1100100110100000110000000000000000000000000000111111111000000000 T
b1100100110110000110000000000000000000000000000111111111000000000 =
b1010101111001101000100100011010001010110011110001001101010111100 ,
b1010101111001101000100100011010001010110011110001001101010111100 :
b1010101111001101000100100011010001010110011110001001101010111100 R
b1 )
b1 8
b110000000000000000000000000000111111111000000000 F
b1100 4
b1100 D
b1100100110100000110000000000000000000000000000111111111000000000 H
b1100100110100000110000000000000000000000000000111111111000000000 S
b11001 2
b11001 B
b110110 7
#20000
b1000000110110000010100000000000000000000000011100001111000000000 "
b1000000110110000010100000000000000000000000011100001111000000000 <
b0 %
b0 K
b10100000000000000000000000011100001111000000000 E
0!
0I
b1000000110100000010100000000000000000000000011100001111000000000 T
b1000000110110000010100000000000000000000000011100001111000000000 =
b0 ,
b0 :
b0 R
b1111 *
b1111 9
b111 )
b111 8
b10100000000000000000000000011100001111000000000 F
b101 4
b101 D
b1000000110100000010100000000000000000000000011100001111000000000 H
b1000000110100000010100000000000000000000000011100001111000000000 S
b10000 2
b10000 B
b111100 7
#21000
1>
b1001001010100000000000000000000000001001010100000001000000000000 "
b1001001010100000000000000000000000001001010100000001000000000000 <
b1001010100000001000000000000 E
0$
0M
0Y
b1001001010100000000000000000000000001001010100000001000000000000 T
b1001001010100000000000000000000000001001010100000001000000000000 =
b1 1
b1 A
b1001010100000001000000000000 G
b10010101 /
b10010101 ?
b0 *
b0 9
b0 )
b0 8
b0 F
b0 4
b0 D
b10 3
b10 C
b1001001010100000000000000000000000001001010100000001000000000000 H
b1001001010100000000000000000000000001001010100000001000000000000 S
b10010 2
b10010 B
b111111 7
#22000
b111111 %
b111111 K
b1101100110100000000000000000000000000000000100000000000000000000 "
b1101100110100000000000000000000000000000000100000000000000000000 <
b100000000000000000000 E
1!
1I
b1101100110100000000000000000000000000000000100000000000000000000 T
b1101100110100000000000000000000000000000000100000000000000000000 =
b111111 ,
b111111 :
b111111 R
b0 1
b0 A
b100000000000000000000 G
b1 /
b1 ?
b1 3
b1 C
b1101100110100000000000000000000000000000000100000000000000000000 H
b1101100110100000000000000000000000000000000100000000000000000000 S
b11011 2
b11011 B
b1000101 7
#23000
1$
1M
1Y
b1001000110110000000011111111111111110000010000000001000000000000 "
b1001000110110000000011111111111111110000010000000001000000000000 <
b0 %
b0 K
b11111111111111110000010000000001000000000000 E
0!
0I
b1001000110100000000011111111111111110000010000000001000000000000 T
b1001000110110000000011111111111111110000010000000001000000000000 =
b0 ,
b0 :
b0 R
b1 1
b1 A
b100 /
b100 ?
b11111111111111110000010000000001000000000000 G
b1111111111111111 0
b1111111111111111 @
b1001000110100000000011111111111111110000010000000001000000000000 H
b1001000110100000000011111111111111110000010000000001000000000000 S
b10010 2
b10010 B
b1001011 7
#24000
b10000001100010000 %
b10000001100010000 K
b1101101010110000000000000000000000001010010100000000000000000000 "
b1101101010110000000000000000000000001010010100000000000000000000 <
b1010010100000000000000000000 E
1!
1I
b1101101010100000000000000000000000001010010100000000000000000000 T
b1101101010110000000000000000000000001010010100000000000000000000 =
b10000001100010000 ,
b10000001100010000 :
b10000001100010000 R
b0 1
b0 A
b10100101 /
b10100101 ?
b1010010100000000000000000000 G
b0 0
b0 @
b10 3
b10 C
b1101101010100000000000000000000000001010010100000000000000000000 H
b1101101010100000000000000000000000001010010100000000000000000000 S
b11011 2
b11011 B
b1001110 7
#25000
0>
b100111000000000100000000000000000000000010000001111000000000 "
b100111000000000100000000000000000000000010000001111000000000 <
b11001010111111101011101010111110 %
b11001010111111101011101010111110 K
b100000000000000000000000010000001111000000000 E
0$
0M
0Y
b100111000000000100000000000000000000000010000001111000000000 T
b100111000000000100000000000000000000000010000001111000000000 =
b11001010111111101011101010111110 ,
b11001010111111101011101010111110 :
b11001010111111101011101010111110 R
b0 G
b0 /
b0 ?
b1111 *
b1111 9
b100 )
b100 8
b100000000000000000000000010000001111000000000 F
b1 4
b1 D
b110 -
b110 ;
b1 3
b1 C
b100111000000000100000000000000000000000010000001111000000000 H
b100111000000000100000000000000000000000010000001111000000000 S
b1 2
b1 B
b1010010 7
#26000
b111010000000000000000000000000000000000011111111000000000 "
b111010000000000000000000000000000000000011111111000000000 <
b0 %
b0 K
b11111111000000000 E
0!
0I
1$
1M
1Y
b111000000000000000000000000000000000000011111111000000000 T
b111010000000000000000000000000000000000011111111000000000 =
b1101111010101101101111101110111111011110101011011011111011101111 ,
b1101111010101101101111101110111111011110101011011011111011101111 :
b1101111010101101101111101110111111011110101011011011111011101111 R
b11111111 *
b11111111 9
b0 )
b0 8
b11111111000000000 F
b0 4
b0 D
b111000000000000000000000000000000000000011111111000000000 H
b111000000000000000000000000000000000000011111111000000000 S
b0 2
b0 B
b1010100 7
#27000
b1111111111111111111111111111111111111111111111111111111111111111 %
b1111111111111111111111111111111111111111111111111111111111111111 K
b100100111010000000000000000000000000000000000011111111000000000 "
b100100111010000000000000000000000000000000000011111111000000000 <
1!
1I
b100100111000000000000000000000000000000000000011111111000000000 T
b100100111010000000000000000000000000000000000011111111000000000 =
b1111111111111111111111111111111111111111111111111111111111111111 ,
b1111111111111111111111111111111111111111111111111111111111111111 :
b1111111111111111111111111111111111111111111111111111111111111111 R
b100100111000000000000000000000000000000000000011111111000000000 H
b100100111000000000000000000000000000000000000011111111000000000 S
b1001 2
b1001 B
b1010110 7
#28000
b100100111011000000000000000000000000000000000011111111000000000 "
b100100111011000000000000000000000000000000000011111111000000000 <
b1 %
b1 K
1#
1J
1W
b1 ,
b1 :
b1 R
b1010111 7
#29000
b111010000000000000000000000000000000000011111111000000000 "
b111010000000000000000000000000000000000011111111000000000 <
b0 %
b0 K
0#
0J
0W
0!
0I
b111000000000000000000000000000000000000011111111000000000 T
b111010000000000000000000000000000000000011111111000000000 =
b0 ,
b0 :
b0 R
b111000000000000000000000000000000000000011111111000000000 H
b111000000000000000000000000000000000000011111111000000000 S
b0 2
b0 B
b1011000 7
#30000
b1101111010101101101111101110111100000000000000000000000000000000 %
b1101111010101101101111101110111100000000000000000000000000000000 K
b100111000000001100000000000000010101010101000001111000000000 "
b100111000000001100000000000000010101010101000001111000000000 <
b1100000000000000010101010101000001111000000000 E
1!
1I
0$
0M
0Y
b100111000000001100000000000000010101010101000001111000000000 T
b100111000000001100000000000000010101010101000001111000000000 =
b1101111010101101101111101110111100000000000000000000000000000000 ,
b1101111010101101101111101110111100000000000000000000000000000000 :
b1101111010101101101111101110111100000000000000000000000000000000 R
b1111 *
b1111 9
b101010101010 )
b101010101010 8
b1100000000000000010101010101000001111000000000 F
b11 4
b11 D
b100111000000001100000000000000010101010101000001111000000000 H
b100111000000001100000000000000010101010101000001111000000000 S
b1 2
b1 B
b1011010 7
#31000
b100100111000000111111111111111111111111111111111111111000000000 "
b100100111000000111111111111111111111111111111111111111000000000 <
b1111111111111111111111111111111111111111111111111111111111111111 %
b1111111111111111111111111111111111111111111111111111111111111111 K
b111111111111111111111111111111111111111000000000 E
0$
0M
0Y
b100100111000000111111111111111111111111111111111111111000000000 T
b100100111000000111111111111111111111111111111111111111000000000 =
b1111111111111111111111111111111111111111111111111111111111111111 ,
b1111111111111111111111111111111111111111111111111111111111111111 :
b1111111111111111111111111111111111111111111111111111111111111111 R
b11111111 *
b11111111 9
b111111111111111111111111111 )
b111111111111111111111111111 8
b111111111111111111111111111111111111111000000000 F
b1111 4
b1111 D
b100100111000000111111111111111111111111111111111111111000000000 H
b100100111000000111111111111111111111111111111111111111000000000 S
b1001 2
b1001 B
b1011100 7
#32000
b1000000110110000011100000000000000000000000000011111111000000000 "
b1000000110110000011100000000000000000000000000011111111000000000 <
b0 %
b0 K
b11100000000000000000000000000011111111000000000 E
0!
0I
1$
1M
1Y
b1000000110100000011100000000000000000000000000011111111000000000 T
b1000000110110000011100000000000000000000000000011111111000000000 =
b0 ,
b0 :
b0 R
b0 )
b0 8
b11100000000000000000000000000011111111000000000 F
b111 4
b111 D
b101 -
b101 ;
b1000000110100000011100000000000000000000000000011111111000000000 H
b1000000110100000011100000000000000000000000000011111111000000000 S
b10000 2
b10000 B
b1011110 7
#33000
b1010101111001101000100100011010001010110011110001001101010111100 %
b1010101111001101000100100011010001010110011110001001101010111100 K
b1100100110110000110000000000000000000000000000111111111000000000 "
b1100100110110000110000000000000000000000000000111111111000000000 <
b110000000000000000000000000000111111111000000000 E
1!
1I
b1100100110100000110000000000000000000000000000111111111000000000 T
b1100100110110000110000000000000000000000000000111111111000000000 =
b1010101111001101000100100011010001010110011110001001101010111100 ,
b1010101111001101000100100011010001010110011110001001101010111100 :
b1010101111001101000100100011010001010110011110001001101010111100 R
b1 )
b1 8
b110000000000000000000000000000111111111000000000 F
b1100 4
b1100 D
b1100100110100000110000000000000000000000000000111111111000000000 H
b1100100110100000110000000000000000000000000000111111111000000000 S
b11001 2
b11001 B
b1100000 7
#34000
1>
b1001001010100000000000000000000000001001010100000001000000000000 "
b1001001010100000000000000000000000001001010100000001000000000000 <
b0 %
b0 K
b1001010100000001000000000000 E
0!
0I
0$
0M
0Y
b1001001010100000000000000000000000001001010100000001000000000000 T
b1001001010100000000000000000000000001001010100000001000000000000 =
b0 ,
b0 :
b0 R
b1 1
b1 A
b1001010100000001000000000000 G
b10010101 /
b10010101 ?
b0 *
b0 9
b0 )
b0 8
b0 F
b0 4
b0 D
b10 3
b10 C
b1001001010100000000000000000000000001001010100000001000000000000 H
b1001001010100000000000000000000000001001010100000001000000000000 S
b10010 2
b10010 B
b1100010 7
#35000
b111111 %
b111111 K
b1101100110100000000000000000000000000000000100000000000000000000 "
b1101100110100000000000000000000000000000000100000000000000000000 <
b100000000000000000000 E
1!
1I
b1101100110100000000000000000000000000000000100000000000000000000 T
b1101100110100000000000000000000000000000000100000000000000000000 =
b111111 ,
b111111 :
b111111 R
b0 1
b0 A
b100000000000000000000 G
b1 /
b1 ?
b1 3
b1 C
b1101100110100000000000000000000000000000000100000000000000000000 H
b1101100110100000000000000000000000000000000100000000000000000000 S
b11011 2
b11011 B
b1100100 7
#36000
1$
1M
1Y
b1001000110110000000011111111111111110000010000000001000000000000 "
b1001000110110000000011111111111111110000010000000001000000000000 <
b0 %
b0 K
b11111111111111110000010000000001000000000000 E
0!
0I
b1001000110100000000011111111111111110000010000000001000000000000 T
b1001000110110000000011111111111111110000010000000001000000000000 =
b0 ,
b0 :
b0 R
b1 1
b1 A
b100 /
b100 ?
b11111111111111110000010000000001000000000000 G
b1111111111111111 0
b1111111111111111 @
b1001000110100000000011111111111111110000010000000001000000000000 H
b1001000110100000000011111111111111110000010000000001000000000000 S
b10010 2
b10010 B
b1100110 7
#37000
0$
0M
0Y
b1000010010000100110101100000100110110001111100000101011001100011 %
b1000010010000100110101100000100110110001111100000101011001100011 K
1#
1J
1W
0>
b110100100101000001101000010101001101010010010000001101000000000 "
b110100100101000001101000010101001101010010010000001101000000000 <
b1101000010101001101010010010000001101000000000 E
1!
1I
b110100100100000001101000010101001101010010010000001101000000000 T
b110100100100000001101000010101001101010010010000001101000000000 =
b1000010010000100110101100000100110110001111100000101011001100011 ,
b1000010010000100110101100000100110110001111100000101011001100011 :
b1000010010000100110101100000100110110001111100000101011001100011 R
b1100101 1
b1100101 A
b10001101 /
b10001101 ?
b1011110100000011000110101100101000000000000 G
b101111010000001 0
b101111010000001 @
b1101 *
b1101 9
b10000101010011010100100100 )
b10000101010011010100100100 8
b1101000010101001101010010010000001101000000000 F
b11 4
b11 D
b1 -
b1 ;
b110100100100000001101000010101001101010010010000001101000000000 H
b110100100100000001101000010101001101010010010000001101000000000 S
b1101 2
b1101 B
b1000010010000100110101100000100110110001111100000101011001100011 b
b1100101 f
b10001101 d
b101111010000001 e
b1101 a
b10000101010011010100100100 `
b11 i
b1 c
b1 h
b1101 g
b111 j
b1101000 7
#38000
1$
1M
1Y
b110110001011011010111001011110110000110100111101000000000 "
b110110001011011010111001011110110000110100111101000000000 <
b0 %
b0 K
0#
0J
0W
b1011011010111001011110110000110100111101000000000 E
0!
0I
b110100001011011010111001011110110000110100111101000000000 T
b110110001011011010111001011110110000110100111101000000000 =
b1011001011000010100001000110010110001001001101110101001000010010 ,
b1011001011000010100001000110010110001001001101110101001000010010 :
b1011001011000010100001000110010110001001001101110101001000010010 R
b10001100 1
b10001100 A
b11101101 /
b11101101 ?
b10011001100011011110110110001100000000000000 G
b1001100110001101 0
b1001100110001101 @
b111101 *
b111101 9
b110101110010111101100001101 )
b110101110010111101100001101 8
b1011011010111001011110110000110100111101000000000 F
b10110 4
b10110 D
b101 -
b101 ;
b110100001011011010111001011110110000110100111101000000000 H
b110100001011011010111001011110110000110100111101000000000 S
b0 2
b0 B
b1011001011000010100001000110010110001001001101110101001000010010 b
b10001100 f
b11101101 d
b1001100110001101 e
b111101 a
b110101110010111101100001101 `
b10110 i
b101 c
b0 g
b0 j
b1 k
b1101101 7
1_
#39000
b11101100100011111100010111011000011110100011011100110100111101 %
b11101100100011111100010111011000011110100011011100110100111101 K
1>
b1101111010100000000011001101000011010111011100010010000000000000 "
b1101111010100000000011001101000011010111011100010010000000000000 <
b11001101000011010111011100010010000000000000 E
1!
1I
0$
0M
0Y
b1101111010100000000011001101000011010111011100010010000000000000 T
b1101111010100000000011001101000011010111011100010010000000000000 =
b11101100100011111100010111011000011110100011011100110100111101 ,
b11101100100011111100010111011000011110100011011100110100111101 :
b11101100100011111100010111011000011110100011011100110100111101 R
b10010 1
b10010 A
b1110111 /
b1110111 ?
b11001101000011010111011100010010000000000000 G
b1100110100001101 0
b1100110100001101 @
b11100101 *
b11100101 9
b111100111110001100000001 )
b111100111110001100000001 8
b101000011110011111000110000000111100101000000000 F
b1010 4
b1010 D
b110 3
b110 C
b1101111010100000000011001101000011010111011100010010000000000000 H
b1101111010100000000011001101000011010111011100010010000000000000 S
b11011 2
b11011 B
b11101100100011111100010111011000011110100011011100110100111101 b
b10010 f
b1110111 d
b1100110100001101 e
b11100101 a
b111100111110001100000001 `
b1010 i
b110 h
b11011 g
b1100 j
b10 k
b1110010 7
0_
#40000
0>
b1100101011001000100011011010100010101111110110111000101000000000 "
b1100101011001000100011011010100010101111110110111000101000000000 <
b111110011111101111010011111100111100011001101110010010011000110 %
b111110011111101111010011111100111100011001101110010010011000110 K
1#
1J
1W
b100011011010100010101111110110111000101000000000 E
b1100101011000000100011011010100010101111110110111000101000000000 T
b1100101011000000100011011010100010101111110110111000101000000000 =
b111110011111101111010011111100111100011001101110010010011000110 ,
b111110011111101111010011111100111100011001101110010010011000110 :
b111110011111101111010011111100111100011001101110010010011000110 R
b10111101 1
b10111101 A
b1011100 /
b1011100 ?
b11110111100011000101110010111101000000000000 G
b1111011110001100 0
b1111011110001100 @
b11000101 *
b11000101 9
b110110101000101011111101101 )
b110110101000101011111101101 8
b100011011010100010101111110110111000101000000000 F
b1000 4
b1000 D
b110 -
b110 ;
b10 3
b10 C
b1100101011000000100011011010100010101111110110111000101000000000 H
b1100101011000000100011011010100010101111110110111000101000000000 S
b11001 2
b11001 B
b111110011111101111010011111100111100011001101110010010011000110 b
b10111101 f
b1011100 d
b1111011110001100 e
b11000101 a
b110110101000101011111101101 `
b1000 i
b110 c
b10 h
b11001 g
b1010 j
b11 k
b1110111 7
1_
#41000
b110101100000101001011110111100001001100010110000000000000000 "
b110101100000101001011110111100001001100010110000000000000000 <
b111001010101111111101111110010110111011110100100111001001110111 %
b111001010101111111101111110010110111011110100100111001001110111 K
0#
0J
0W
b101001011110111100001001100010110000000000000000 E
0$
0M
0Y
b110101100000101001011110111100001001100010110000000000000000 T
b110101100000101001011110111100001001100010110000000000000000 =
b111001010101111111101111110010110111011110100100111001001110111 ,
b111001010101111111101111110010110111011110100100111001001110111 :
b111001010101111111101111110010110111011110100100111001001110111 R
b10101010 1
b10101010 A
b100000 /
b100000 ?
b11010010101010100010000010101010000000000000 G
b1101001010101010 0
b1101001010101010 @
b10000000 *
b10000000 9
b10111101111000010011000101 )
b10111101111000010011000101 8
b101001011110111100001001100010110000000000000000 F
b1010 4
b1010 D
b11 -
b11 ;
b101 3
b101 C
b110101100000101001011110111100001001100010110000000000000000 H
b110101100000101001011110111100001001100010110000000000000000 S
b1 2
b1 B
b111001010101111111101111110010110111011110100100111001001110111 b
b10101010 f
b100000 d
b1101001010101010 e
b10000000 a
b10111101111000010011000101 `
b1010 i
b11 c
b101 h
b1 g
b1 j
b100 k
b1111100 7
#42000
1$
1M
1Y
b100011001110000110100100110010110101100001001001010011000000000 "
b100011001110000110100100110010110101100001001001010011000000000 <
b0 %
b0 K
b110100100110010110101100001001001010011000000000 E
0!
0I
b100011001100000110100100110010110101100001001001010011000000000 T
b100011001110000110100100110010110101100001001001010011000000000 =
b111100100110000011010011111001011100111011101101001011011001110 ,
b111100100110000011010011111001011100111011101101001011011001110 :
b111100100110000011010011111001011100111011101101001011011001110 R
b11010101 1
b11010101 A
b1101011 /
b1101011 ?
b11011011100011110110101111010101000000000000 G
b1101101110001111 0
b1101101110001111 @
b1010011 *
b1010011 9
b1001100101101011000010010 )
b1001100101101011000010010 8
b110100100110010110101100001001001010011000000000 F
b1101 4
b1101 D
b110 3
b110 C
b100011001100000110100100110010110101100001001001010011000000000 H
b100011001100000110100100110010110101100001001001010011000000000 S
b1000 2
b1000 B
b111100100110000011010011111001011100111011101101001011011001110 b
b11010101 f
b1101011 d
b1101101110001111 e
b1010011 a
b1001100101101011000010010 `
b1101 i
b110 h
b1000 g
b100 j
b101 k
b10000001 7
#43000
b11010110000111110000000000011110101110100000100011000000000 "
b11010110000111110000000000011110101110100000100011000000000 <
b111110000000000011110101110100000100011000000000 E
1$
1M
1Y
b11010100000111110000000000011110101110100000100011000000000 T
b11010110000111110000000000011110101110100000100011000000000 =
b10111001011000010010010101110011011110100011100010100010111101 ,
b10111001011000010010010101110011011110100011100010100010111101 :
b10111001011000010010010101110011011110100011100010100010111101 R
b11001010 1
b11001010 A
b1010 /
b1010 ?
b1001110110001010000101011001010000000000000 G
b100111011000101 0
b100111011000101 @
b100011 *
b100011 9
b100000000000111101011101000 )
b100000000000111101011101000 8
b111110000000000011110101110100000100011000000000 F
b1111 4
b1111 D
b101 -
b101 ;
b11010100000111110000000000011110101110100000100011000000000 H
b11010100000111110000000000011110101110100000100011000000000 S
b0 2
b0 B
b10111001011000010010010101110011011110100011100010100010111101 b
b11001010 f
b1010 d
b100111011000101 e
b100011 a
b100000000000111101011101000 `
b1111 i
b101 c
b0 g
b0 j
b110 k
b10000110 7
0_
#44000
b1011000111101111011000100110001100000101011100111000011100001010 %
b1011000111101111011000100110001100000101011100111000011100001010 K
1#
1J
1W
b101001001000000111010101011010110000010110111011000000000000 "
b101001001000000111010101011010110000010110111011000000000000 <
b111010101011010110000010110111011000000000000 E
1!
1I
0$
0M
0Y
b101001000000000111010101011010110000010110111011000000000000 T
b101001000000000111010101011010110000010110111011000000000000 =
b1011000111101111011000100110001100000101011100111000011100001010 ,
b1011000111101111011000100110001100000101011100111000011100001010 :
b1011000111101111011000100110001100000101011100111000011100001010 R
b10001001 1
b10001001 A
b1111000 /
b1111000 ?
b100110011001010111100010001001000000000000 G
b10011001100101 0
b10011001100101 @
b11011000 *
b11011000 9
b110101010110101100000101101 )
b110101010110101100000101101 8
b111010101011010110000010110111011000000000000 F
b1 4
b1 D
b10 -
b10 ;
b10 3
b10 C
b101001000000000111010101011010110000010110111011000000000000 H
b101001000000000111010101011010110000010110111011000000000000 S
b1 2
b1 B
b1011000111101111011000100110001100000101011100111000011100001010 b
b10001001 f
b1111000 d
b10011001100101 e
b11011000 a
b110101010110101100000101101 `
b1 i
b10 c
b10 h
b1 g
b1 j
b111 k
b10001011 7
#45000
1>
b1101111011011000000000100001001000000010101000001011000000000000 "
b1101111011011000000000100001001000000010101000001011000000000000 <
b101010101111000010001011010101011001110110011001100110010011101 %
b101010101111000010001011010101011001110110011001100110010011101 K
b100001001000000010101000001011000000000000 E
1$
1M
1Y
b1101111011000000000000100001001000000010101000001011000000000000 T
b1101111011010000000000100001001000000010101000001011000000000000 =
b101010101111000010001011010101011001110110011001100110010011101 ,
b101010101111000010001011010101011001110110011001100110010011101 :
b101010101111000010001011010101011001110110011001100110010011101 R
b1011 1
b1011 A
b101010 /
b101010 ?
b100001001000000010101000001011000000000000 G
b10000100100000 0
b10000100100000 @
b10111100 *
b10111100 9
b1110110010001010000000 )
b1110110010001010000000 8
b111000000111011001000101000000010111100000000000 F
b1110 4
b1110 D
b110 -
b110 ;
b110 3
b110 C
b1101111011000000000000100001001000000010101000001011000000000000 H
b1101111011000000000000100001001000000010101000001011000000000000 S
b11011 2
b11011 B
b101010101111000010001011010101011001110110011001100110010011101 b
b1011 f
b101010 d
b10000100100000 e
b10111100 a
b1110110010001010000000 `
b1110 i
b110 c
b110 h
b11011 g
b1100 j
b1000 k
b10010000 7
1_
#46000
0$
0M
0Y
0>
b10010111100001101101100100000001111101001011000111010000000000 "
b10010111100001101101100100000001111101001011000111010000000000 <
b0 %
b0 K
0#
0J
0W
b1101101100100000001111101001011000111010000000000 E
0!
0I
b10010111100001101101100100000001111101001011000111010000000000 T
b10010111100001101101100100000001111101001011000111010000000000 =
b1000011010111100001110000000110110101001101001111101011001010011 ,
b1000011010111100001110000000110110101001101001111101011001010011 :
b1000011010111100001110000000110110101001101001111101011001010011 R
b10101 1
b10101 A
b1111110 /
b1111110 ?
b10111000000100110111111000010101000000000000 G
b1011100000010011 0
b1011100000010011 @
b111010 *
b111010 9
b11001000000011111010010110 )
b11001000000011111010010110 8
b1101101100100000001111101001011000111010000000000 F
b11011 4
b11011 D
b111 -
b111 ;
b101 3
b101 C
b10010111100001101101100100000001111101001011000111010000000000 H
b10010111100001101101100100000001111101001011000111010000000000 S
b100 2
b100 B
b1000011010111100001110000000110110101001101001111101011001010011 b
b10101 f
b1111110 d
b1011100000010011 e
b111010 a
b11001000000011111010010110 `
b11011 i
b111 c
b101 h
b100 g
b10 j
b1001 k
b10010101 7
#47000
0$
0M
0Y
b1000000100010111010010100000001011010111010101100011111010101110 %
b1000000100010111010010100000001011010111010101100011111010101110 K
1>
b1101100101000000000000101010110101011000111111111000000000000000 "
b1101100101000000000000101010110101011000111111111000000000000000 <
b101010110101011000111111111000000000000000 E
1!
1I
b1101100101000000000000101010110101011000111111111000000000000000 T
b1101100101000000000000101010110101011000111111111000000000000000 =
b1000000100010111010010100000001011010111010101100011111010101110 ,
b1000000100010111010010100000001011010111010101100011111010101110 :
b1000000100010111010010100000001011010111010101100011111010101110 R
b11111000 1
b11111000 A
b10001111 /
b10001111 ?
b101010110101011000111111111000000000000000 G
b10101011010101 0
b10101011010101 @
b10011111 *
b10011111 9
b101100111111101110101101011 )
b101100111111101110101101011 8
b110010110011111110111010110101110011111000000000 F
b1100 4
b1100 D
b10 -
b10 ;
b1 3
b1 C
b1101100101000000000000101010110101011000111111111000000000000000 H
b1101100101000000000000101010110101011000111111111000000000000000 S
b11011 2
b11011 B
b1000000100010111010010100000001011010111010101100011111010101110 b
b11111000 f
b10001111 d
b10101011010101 e
b10011111 a
b101100111111101110101101011 `
b1100 i
b10 c
b1 h
b11011 g
b1100 j
b1010 k
b10011010 7
0_
#48000
0>
b100011110010001101111011111111111010010001110110001001000000000 "
b100011110010001101111011111111111010010001110110001001000000000 <
b0 %
b0 K
b1101111011111111111010010001110110001001000000000 E
0!
0I
1$
1M
1Y
b100011110000001101111011111111111010010001110110001001000000000 T
b100011110010001101111011111111111010010001110110001001000000000 =
b1000110000100010010010010001100000101000010010110010100001010 ,
b1000110000100010010010010001100000101000010010110010100001010 :
b1000110000100010010010010001100000101000010010110010100001010 R
b11010000 1
b11010000 A
b1001001 /
b1001001 ?
b1110010110011110100100111010000000000000000 G
b111001011001111 0
b111001011001111 @
b10001001 *
b10001001 9
b110111111111110100100011101 )
b110111111111110100100011101 8
b1101111011111111111010010001110110001001000000000 F
b11011 4
b11011 D
b100 -
b100 ;
b111 3
b111 C
b100011110000001101111011111111111010010001110110001001000000000 H
b100011110000001101111011111111111010010001110110001001000000000 S
b1000 2
b1000 B
b1000110000100010010010010001100000101000010010110010100001010 b
b11010000 f
b1001001 d
b111001011001111 e
b10001001 a
b110111111111110100100011101 `
b11011 i
b100 c
b111 h
b1000 g
b100 j
b1011 k
b10011111 7
1_
#49000
b111100101101000101111011111001001000101001011100110000110001010 %
b111100101101000101111011111001001000101001011100110000110001010 K
b100100111010000110010101110011000010101100101011000010000000000 "
b100100111010000110010101110011000010101100101011000010000000000 <
b110010101110011000010101100101011000010000000000 E
1!
1I
b100100111000000110010101110011000010101100101011000010000000000 T
b100100111010000110010101110011000010101100101011000010000000000 =
b111100101101000101111011111001001000101001011100110000110001010 ,
b111100101101000101111011111001001000101001011100110000110001010 :
b111100101101000101111011111001001000101001011100110000110001010 R
b1110111 1
b1110111 A
b11001000 /
b11001000 ?
b1001100001111001100100001110111000000000000 G
b100110000111100 0
b100110000111100 @
b11000010 *
b11000010 9
b101011100110000101011001010 )
b101011100110000101011001010 8
b110010101110011000010101100101011000010000000000 F
b1100 4
b1100 D
b110 -
b110 ;
b1 3
b1 C
b100100111000000110010101110011000010101100101011000010000000000 H
b100100111000000110010101110011000010101100101011000010000000000 S
b1001 2
b1001 B
b111100101101000101111011111001001000101001011100110000110001010 b
b1110111 f
b11001000 d
b100110000111100 e
b11000010 a
b101011100110000101011001010 `
b1100 i
b110 c
b1 h
b1001 g
b101 j
b1100 k
b10100100 7
0_
#50000
b1000001011010000110100011000100101100110100000100111001000000000 "
b1000001011010000110100011000100101100110100000100111001000000000 <
b0 %
b0 K
b110100011000100101100110100000100111001000000000 E
0!
0I
1$
1M
1Y
b1000001011000000110100011000100101100110100000100111001000000000 T
b1000001011010000110100011000100101100110100000100111001000000000 =
b11110000100000111100110111100011000100100010100001001010001001 ,
b11110000100000111100110111100011000100100010100001001010001001 :
b11110000100000111100110111100011000100100010100001001010001001 R
b11010011 1
b11010011 A
b11111 /
b11111 ?
b110100110110000001111111010011000000000000 G
b11010011011000 0
b11010011011000 @
b111001 *
b111001 9
b110001001011001101000001 )
b110001001011001101000001 8
b110100011000100101100110100000100111001000000000 F
b1101 4
b1101 D
b10 3
b10 C
b1000001011000000110100011000100101100110100000100111001000000000 H
b1000001011000000110100011000100101100110100000100111001000000000 S
b10000 2
b10000 B
b11110000100000111100110111100011000100100010100001001010001001 b
b11010011 f
b11111 d
b11010011011000 e
b111001 a
b110001001011001101000001 `
b1101 i
b10 h
b10000 g
b1000 j
b1101 k
b10101001 7
1_
#51000
b110001101001011111110011100011001010111000101010001001110101110 %
b110001101001011111110011100011001010111000101010001001110101110 K
b1000100001110000100110111000101000011011110101100111111000000000 "
b1000100001110000100110111000101000011011110101100111111000000000 <
b100110111000101000011011110101100111111000000000 E
1!
1I
b1000100001100000100110111000101000011011110101100111111000000000 T
b1000100001110000100110111000101000011011110101100111111000000000 =
b110001101001011111110011100011001010111000101010001001110101110 ,
b110001101001011111110011100011001010111000101010001001110101110 :
b110001101001011111110011100011001010111000101010001001110101110 R
b1011000 1
b1011000 A
b101010 /
b101010 ?
b1100101101101100010101001011000000000000000 G
b110010110110110 0
b110010110110110 @
b111111 *
b111111 9
b101110001010000110111101011 )
b101110001010000110111101011 8
b100110111000101000011011110101100111111000000000 F
b1001 4
b1001 D
b11 -
b11 ;
b0 3
b0 C
b1000100001100000100110111000101000011011110101100111111000000000 H
b1000100001100000100110111000101000011011110101100111111000000000 S
b10001 2
b10001 B
b110001101001011111110011100011001010111000101010001001110101110 b
b1011000 f
b101010 d
b110010110110110 e
b111111 a
b101110001010000110111101011 `
b1001 i
b11 c
b0 h
b10001 g
b1001 j
b1110 k
b10101110 7
0_
#52000
b10111010001001101011001110101000000101011110000100110000000000 "
b10111010001001101011001110101000000101011110000100110000000000 <
b1000010111010111100110100000101110111000100101111011111001110001 %
b1000010111010111100110100000101110111000100101111011111001110001 K
1#
1J
1W
b1101011001110101000000101011110000100110000000000 E
0$
0M
0Y
b10111010000001101011001110101000000101011110000100110000000000 T
b10111010000001101011001110101000000101011110000100110000000000 =
b1000010111010111100110100000101110111000100101111011111001110001 ,
b1000010111010111100110100000101110111000100101111011111001110001 :
b1000010111010111100110100000101110111000100101111011111001110001 R
b10100011 1
b10100011 A
b1110011 /
b1110011 ?
b11011101001010100111001110100011000000000000 G
b1101110100101010 0
b1101110100101010 @
b100110 *
b100110 9
b110011101010000001010111100 )
b110011101010000001010111100 8
b1101011001110101000000101011110000100110000000000 F
b11010 4
b11010 D
b100 -
b100 ;
b110 3
b110 C
b10111010000001101011001110101000000101011110000100110000000000 H
b10111010000001101011001110101000000101011110000100110000000000 S
b101 2
b101 B
b1000010111010111100110100000101110111000100101111011111001110001 b
b10100011 f
b1110011 d
b1101110100101010 e
b100110 a
b110011101010000001010111100 `
b11010 i
b100 c
b110 h
b101 g
b11 j
b1111 k
b10110011 7
1_
#53000
b101111110000010001011110010010000011000010111110111000000000 "
b101111110000010001011110010010000011000010111110111000000000 <
b1001110111001100011000000011101100011101000001100011001100111010 %
b1001110111001100011000000011101100011101000001100011001100111010 K
0#
0J
0W
b10001011110010010000011000010111110111000000000 E
1$
1M
1Y
b101111100000010001011110010010000011000010111110111000000000 T
b101111110000010001011110010010000011000010111110111000000000 =
b1001110111001100011000000011101100011101000001100011001100111010 ,
b1001110111001100011000000011101100011101000001100011001100111010 :
b1001110111001100011000000011101100011101000001100011001100111010 R
b11100110 1
b11100110 A
b11001011 /
b11001011 ?
b1010101010011111100101111100110000000000000 G
b101010101001111 0
b101010101001111 @
b11110111 *
b11110111 9
b10111100100100000110000101 )
b10111100100100000110000101 8
b10001011110010010000011000010111110111000000000 F
b100 4
b100 D
b111 -
b111 ;
b11 3
b11 C
b101111100000010001011110010010000011000010111110111000000000 H
b101111100000010001011110010010000011000010111110111000000000 S
b1 2
b1 B
b1001110111001100011000000011101100011101000001100011001100111010 b
b11100110 f
b11001011 d
b101010101001111 e
b11110111 a
b10111100100100000110000101 `
b100 i
b111 c
b11 h
b1 g
b1 j
b10000 k
b10111000 7
#54000
0$
0M
0Y
b1000000110100001101011100100011001100100111111001100101000000000 "
b1000000110100001101011100100011001100100111111001100101000000000 <
b0 %
b0 K
b1101011100100011001100100111111001100101000000000 E
0!
0I
b1000000110100001101011100100011001100100111111001100101000000000 T
b1000000110100001101011100100011001100100111111001100101000000000 =
b111100011011001100110111111000101101100100111000100101111011001 ,
b111100011011001100110111111000101101100100111000100101111011001 :
b111100011011001100110111111000101101100100111000100101111011001 R
b11011111 1
b11011111 A
b10110101 /
b10110101 ?
b1001011000101011011010111011111000000000000 G
b100101100010101 0
b100101100010101 @
b1100101 *
b1100101 9
b111001000110011001001111110 )
b111001000110011001001111110 8
b1101011100100011001100100111111001100101000000000 F
b11010 4
b11010 D
b101 -
b101 ;
b1 3
b1 C
b1000000110100001101011100100011001100100111111001100101000000000 H
b1000000110100001101011100100011001100100111111001100101000000000 S
b10000 2
b10000 B
b111100011011001100110111111000101101100100111000100101111011001 b
b11011111 f
b10110101 d
b100101100010101 e
b1100101 a
b111001000110011001001111110 `
b11010 i
b101 c
b1 h
b10000 g
b1000 j
b10001 k
b10111101 7
#55000
b100111110100001010101011001111101000111101110011010000110001111 %
b100111110100001010101011001111101000111101110011010000110001111 K
1#
1J
1W
b1000110000001000101000100100011000001110110001010101011000000000 "
b1000110000001000101000100100011000001110110001010101011000000000 <
b101000100100011000001110110001010101011000000000 E
1!
1I
0$
0M
0Y
b1000110000000000101000100100011000001110110001010101011000000000 T
b1000110000000000101000100100011000001110110001010101011000000000 =
b100111110100001010101011001111101000111101110011010000110001111 ,
b100111110100001010101011001111101000111101110011010000110001111 :
b100111110100001010101011001111101000111101110011010000110001111 R
b11011100 1
b11011100 A
b1110 /
b1110 ?
b11111011010011000000111011011100000000000000 G
b1111101101001100 0
b1111101101001100 @
b10101011 *
b10101011 9
b1001000110000011101100010 )
b1001000110000011101100010 8
b101000100100011000001110110001010101011000000000 F
b1010 4
b1010 D
b0 -
b0 ;
b100 3
b100 C
b1000110000000000101000100100011000001110110001010101011000000000 H
b1000110000000000101000100100011000001110110001010101011000000000 S
b10001 2
b10001 B
b100111110100001010101011001111101000111101110011010000110001111 b
b11011100 f
b1110 d
b1111101101001100 e
b10101011 a
b1001000110000011101100010 `
b1010 i
b0 c
b100 h
b10001 g
b1001 j
b10010 k
b11000010 7
0_
#56000
b10110101101001011010001101101101010011111100001001110000000000 "
b10110101101001011010001101101101010011111100001001110000000000 <
b1100111111000100010101101001111110101110011111011001010001011100 %
b1100111111000100010101101001111110101110011111011001010001011100 K
b1011010001101101101010011111100001001110000000000 E
0$
0M
0Y
b10110101100001011010001101101101010011111100001001110000000000 T
b10110101100001011010001101101101010011111100001001110000000000 =
b1100111111000100010101101001111110101110011111011001010001011100 ,
b1100111111000100010101101001111110101110011111011001010001011100 :
b1100111111000100010101101001111110101110011111011001010001011100 R
b1010 1
b1010 A
b1100111 /
b1100111 ?
b1100000101101110110011100001010000000000000 G
b110000010110111 0
b110000010110111 @
b1001110 *
b1001110 9
b100011011011010100111111000 )
b100011011011010100111111000 8
b1011010001101101101010011111100001001110000000000 F
b10110 4
b10110 D
b11 -
b11 ;
b101 3
b101 C
b10110101100001011010001101101101010011111100001001110000000000 H
b10110101100001011010001101101101010011111100001001110000000000 S
b101 2
b101 B
b1100111111000100010101101001111110101110011111011001010001011100 b
b1010 f
b1100111 d
b110000010110111 e
b1001110 a
b100011011011010100111111000 `
b10110 i
b11 c
b101 h
b101 g
b11 j
b10011 k
b11000111 7
1_
#57000
0#
0J
0W
1>
b1001000000100000000000110111100010011001001100000100000000000000 "
b1001000000100000000000110111100010011001001100000100000000000000 <
b0 %
b0 K
b110111100010011001001100000100000000000000 E
0!
0I
0$
0M
0Y
b1001000000100000000000110111100010011001001100000100000000000000 T
b1001000000100000000000110111100010011001001100000100000000000000 =
b1010010010101110001100100100100111101000001000110011111011010000 ,
b1010010010101110001100100100100111101000001000110011111011010000 :
b1010010010101110001100100100100111101000001000110011111011010000 R
b100 1
b100 A
b10010011 /
b10010011 ?
b110111100010011001001100000100000000000000 G
b11011110001001 0
b11011110001001 @
b10010100 *
b10010100 9
b101110010111100000001011011 )
b101110010111100000001011011 8
b1100010111001011110000000101101110010100000000000 F
b11000 4
b11000 D
b1 -
b1 ;
b0 3
b0 C
b1001000000100000000000110111100010011001001100000100000000000000 H
b1001000000100000000000110111100010011001001100000100000000000000 S
b10010 2
b10010 B
b1010010010101110001100100100100111101000001000110011111011010000 b
b100 f
b10010011 d
b11011110001001 e
b10010100 a
b101110010111100000001011011 `
b11000 i
b1 c
b0 h
b10010 g
b1011 j
b10100 k
b11001100 7
#58000
0$
0M
0Y
0>
b10001110100001100101111111110110000001101011101101101000000000 "
b10001110100001100101111111110110000001101011101101101000000000 <
b1100101111111110110000001101011101101101000000000 E
b10001110100001100101111111110110000001101011101101101000000000 T
b10001110100001100101111111110110000001101011101101101000000000 =
b100101100100001001011111001011000000110000111010111111100001100 ,
b100101100100001001011111001011000000110000111010111111100001100 :
b100101100100001001011111001011000000110000111010111111100001100 R
b11001010 1
b11001010 A
b1110110 /
b1110110 ?
b11111100010100010111011011001010000000000000 G
b1111110001010001 0
b1111110001010001 @
b1101101 *
b1101101 9
b11111111101100000011010111 )
b11111111101100000011010111 8
b1100101111111110110000001101011101101101000000000 F
b11001 4
b11001 D
b101 -
b101 ;
b11 3
b11 C
b10001110100001100101111111110110000001101011101101101000000000 H
b10001110100001100101111111110110000001101011101101101000000000 S
b100 2
b100 B
b100101100100001001011111001011000000110000111010111111100001100 b
b11001010 f
b1110110 d
b1111110001010001 e
b1101101 a
b11111111101100000011010111 `
b11001 i
b101 c
b11 h
b100 g
b10 j
b10101 k
b11010001 7
0_
#59000
1>
b1001010111010000000011101101110010000110100110110100000000000000 "
b1001010111010000000011101101110010000110100110110100000000000000 <
b11101101110010000110100110110100000000000000 E
1$
1M
1Y
b1001010111000000000011101101110010000110100110110100000000000000 T
b1001010111010000000011101101110010000110100110110100000000000000 =
b1011101110000010010110100111011100011110111100101110110100111101 ,
b1011101110000010010110100111011100011110111100101110110100111101 :
b1011101110000010010110100111011100011110111100101110110100111101 R
b10110100 1
b10110100 A
b1101001 /
b1101001 ?
b11101101110010000110100110110100000000000000 G
b1110110111001000 0
b1110110111001000 @
b11110111 *
b11110111 9
b1001011001100111011000010 )
b1001011001100111011000010 8
b10000100101100110011101100001011110111000000000 F
b100 4
b100 D
b110 -
b110 ;
b101 3
b101 C
b1001010111000000000011101101110010000110100110110100000000000000 H
b1001010111000000000011101101110010000110100110110100000000000000 S
b10010 2
b10010 B
b1011101110000010010110100111011100011110111100101110110100111101 b
b10110100 f
b1101001 d
b1110110111001000 e
b11110111 a
b1001011001100111011000010 `
b100 i
b110 c
b101 h
b10010 g
b1011 j
b10110 k
b11010110 7
#60000
0$
0M
0Y
b11011011100101100000010110110100011100110110011110011100111001 %
b11011011100101100000010110110100011100110110011110011100111001 K
0>
b1000100010100000011100100001100110110110001001000101110000000000 "
b1000100010100000011100100001100110110110001001000101110000000000 <
b11100100001100110110110001001000101110000000000 E
1!
1I
b1000100010100000011100100001100110110110001001000101110000000000 T
b1000100010100000011100100001100110110110001001000101110000000000 =
b11011011100101100000010110110100011100110110011110011100111001 ,
b11011011100101100000010110110100011100110110011110011100111001 :
b11011011100101100000010110110100011100110110011110011100111001 R
b11100 1
b11100 A
b1000 /
b1000 ?
b11111100000100000011100000000000000 G
b1111110 0
b1111110 @
b101110 *
b101110 9
b1000011001101101100010010 )
b1000011001101101100010010 8
b11100100001100110110110001001000101110000000000 F
b111 4
b111 D
b101 -
b101 ;
b0 3
b0 C
b1000100010100000011100100001100110110110001001000101110000000000 H
b1000100010100000011100100001100110110110001001000101110000000000 S
b10001 2
b10001 B
b11011011100101100000010110110100011100110110011110011100111001 b
b11100 f
b1000 d
b1111110 e
b101110 a
b1000011001101101100010010 `
b111 i
b101 c
b0 h
b10001 g
b1001 j
b10111 k
b11011011 7
#61000
b110000110000000011011111010010100011110001111111011010000000000 "
b110000110000000011011111010010100011110001111111011010000000000 <
b0 %
b0 K
b11011111010010100011110001111111011010000000000 E
0!
0I
b110000110000000011011111010010100011110001111111011010000000000 T
b110000110000000011011111010010100011110001111111011010000000000 =
b100001011011001001011111000010110111100000101001000100001111000 ,
b100001011011001001011111000010110111100000101001000100001111000 :
b100001011011001001011111000010110111100000101001000100001111000 R
b1100110 1
b1100110 A
b111101 /
b111101 ?
b11110110110100110011110101100110000000000000 G
b1111011011010011 0
b1111011011010011 @
b11011010 *
b11011010 9
b111110100101000111100011111 )
b111110100101000111100011111 8
b11011111010010100011110001111111011010000000000 F
b110 4
b110 D
b100 -
b100 ;
b1 3
b1 C
b110000110000000011011111010010100011110001111111011010000000000 H
b110000110000000011011111010010100011110001111111011010000000000 S
b1100 2
b1100 B
b100001011011001001011111000010110111100000101001000100001111000 b
b1100110 f
b111101 d
b1111011011010011 e
b11011010 a
b111110100101000111100011111 `
b110 i
b100 c
b1 h
b1100 g
b110 j
b11000 k
b11100000 7
1_
#62000
b10001101000001111010111011010010110010101101111111010000000000 "
b10001101000001111010111011010010110010101101111111010000000000 <
b1111010111011010010110010101101111111010000000000 E
b10001101000001111010111011010010110010101101111111010000000000 T
b10001101000001111010111011010010110010101101111111010000000000 =
b1001111111110010101011100011111100010101000011001010111100101010 ,
b1001111111110010101011100011111100010101000011001010111100101010 :
b1001111111110010101011100011111100010101000011001010111100101010 R
b11010 1
b11010 A
b11010101 /
b11010101 ?
b1001011010010011101010100011010000000000000 G
b100101101001001 0
b100101101001001 @
b11111010 *
b11111010 9
b101110110100101100101011011 )
b101110110100101100101011011 8
b1111010111011010010110010101101111111010000000000 F
b11110 4
b11110 D
b10 -
b10 ;
b11 3
b11 C
b10001101000001111010111011010010110010101101111111010000000000 H
b10001101000001111010111011010010110010101101111111010000000000 S
b100 2
b100 B
b1001111111110010101011100011111100010101000011001010111100101010 b
b11010 f
b11010101 d
b100101101001001 e
b11111010 a
b101110110100101100101011011 `
b11110 i
b10 c
b11 h
b100 g
b10 j
b11001 k
b11100101 7
0_
#63000
b100011111000000000010000010101011000110101100000100110000000000 "
b100011111000000000010000010101011000110101100000100110000000000 <
b10000010101011000110101100000100110000000000 E
b100011111000000000010000010101011000110101100000100110000000000 T
b100011111000000000010000010101011000110101100000100110000000000 =
b1100011100011010000011001000111011001110001011111111001010011100 ,
b1100011100011010000011001000111011001110001011111111001010011100 :
b1100011100011010000011001000111011001110001011111111001010011100 R
b1111101 1
b1111101 A
b10110110 /
b10110110 ?
b111000100001101011011001111101000000000000 G
b11100010000110 0
b11100010000110 @
b100110 *
b100110 9
b100000101010110001101011000 )
b100000101010110001101011000 8
b10000010101011000110101100000100110000000000 F
b0 4
b0 D
b110 -
b110 ;
b111 3
b111 C
b100011111000000000010000010101011000110101100000100110000000000 H
b100011111000000000010000010101011000110101100000100110000000000 S
b1000 2
b1000 B
b1100011100011010000011001000111011001110001011111111001010011100 b
b1111101 f
b10110110 d
b11100010000110 e
b100110 a
b100000101010110001101011000 `
b0 i
b110 c
b111 h
b1000 g
b100 j
b11010 k
b11101010 7
#64000
1$
1M
1Y
b11100110010110000101110111001111010001100010111011010010100011 %
b11100110010110000101110111001111010001100010111011010010100011 K
1#
1J
1W
1>
b1101111000011000000010111100001001101100111101111001000000000000 "
b1101111000011000000010111100001001101100111101111001000000000000 <
b10111100001001101100111101111001000000000000 E
1!
1I
b1101111000000000000010111100001001101100111101111001000000000000 T
b1101111000010000000010111100001001101100111101111001000000000000 =
b11100110010110000101110111001111010001100010111011010010100011 ,
b11100110010110000101110111001111010001100010111011010010100011 :
b11100110010110000101110111001111010001100010111011010010100011 R
b1111001 1
b1111001 A
b11001111 /
b11001111 ?
b10111100001001101100111101111001000000000000 G
b1011110000100110 0
b1011110000100110 @
b11011011 *
b11011011 9
b101001101011001100111111010 )
b101001101011001100111111010 8
b1111010100110101100110011111101011011011000000000 F
b11110 4
b11110 D
b0 -
b0 ;
b110 3
b110 C
b1101111000000000000010111100001001101100111101111001000000000000 H
b1101111000000000000010111100001001101100111101111001000000000000 S
b11011 2
b11011 B
b11100110010110000101110111001111010001100010111011010010100011 b
b1111001 f
b11001111 d
b1011110000100110 e
b11011011 a
b101001101011001100111111010 `
b11110 i
b0 c
b110 h
b11011 g
b1100 j
b11011 k
b11101111 7
#65000
1$
1M
1Y
0>
b110000111110000000111110011001101010000010111110000110000000000 "
b110000111110000000111110011001101010000010111110000110000000000 <
b0 %
b0 K
0#
0J
0W
b111110011001101010000010111110000110000000000 E
0!
0I
b110000111100000000111110011001101010000010111110000110000000000 T
b110000111110000000111110011001101010000010111110000110000000000 =
b1010111111011000010101100101111100100010001010010000110101000100 ,
b1010111111011000010101100101111100100010001010010000110101000100 :
b1010111111011000010101100101111100100010001010010000110101000100 R
b11110101 1
b11110101 A
b1010000 /
b1010000 ?
b10010010101100110101000011110101000000000000 G
b1001001010110011 0
b1001001010110011 @
b10000110 *
b10000110 9
b111100110011010100000101111 )
b111100110011010100000101111 8
b111110011001101010000010111110000110000000000 F
b1 4
b1 D
b111 -
b111 ;
b1 3
b1 C
b110000111100000000111110011001101010000010111110000110000000000 H
b110000111100000000111110011001101010000010111110000110000000000 S
b1100 2
b1100 B
b1010111111011000010101100101111100100010001010010000110101000100 b
b11110101 f
b1010000 d
b1001001010110011 e
b10000110 a
b111100110011010100000101111 `
b1 i
b111 c
b1 h
b1100 g
b110 j
b11100 k
b11110100 7
1_
#66000
b1111001100001001000110101110011000101101001010001101101101011010 %
b1111001100001001000110101110011000101101001010001101101101011010 K
b100100110000010101111111000111111011111011110011000000000000 "
b100100110000010101111111000111111011111011110011000000000000 <
b10101111111000111111011111011110011000000000000 E
1!
1I
1$
1M
1Y
b100100100000010101111111000111111011111011110011000000000000 T
b100100110000010101111111000111111011111011110011000000000000 =
b1111001100001001000110101110011000101101001010001101101101011010 ,
b1111001100001001000110101110011000101101001010001101101101011010 :
b1111001100001001000110101110011000101101001010001101101101011010 R
b1110011 1
b1110011 A
b1001011 /
b1001011 ?
b110110110010110100101101110011000000000000 G
b11011011001011 0
b11011011001011 @
b10011000 *
b10011000 9
b11111110001111110111110111 )
b11111110001111110111110111 8
b10101111111000111111011111011110011000000000000 F
b101 4
b101 D
b1 -
b1 ;
b100100100000010101111111000111111011111011110011000000000000 H
b100100100000010101111111000111111011111011110011000000000000 S
b1 2
b1 B
b1111001100001001000110101110011000101101001010001101101101011010 b
b1110011 f
b1001011 d
b11011011001011 e
b10011000 a
b11111110001111110111110111 `
b101 i
b1 c
b1 g
b1 j
b11101 k
b11111001 7
0_
#67000
b100101011010000100010011001111110000010010100110101001000000000 "
b100101011010000100010011001111110000010010100110101001000000000 <
b1110110101010011011011001101101010110010100111111011011001100101 %
b1110110101010011011011001101101010110010100111111011011001100101 K
b100010011001111110000010010100110101001000000000 E
b100101011000000100010011001111110000010010100110101001000000000 T
b100101011010000100010011001111110000010010100110101001000000000 =
b1110110101010011011011001101101010110010100111111011011001100101 ,
b1110110101010011011011001101101010110010100111111011011001100101 :
b1110110101010011011011001101101010110010100111111011011001100101 R
b1110 1
b1110 A
b10100001 /
b10100001 ?
b11100010111011011010000100001110000000000000 G
b1110001011101101 0
b1110001011101101 @
b10101001 *
b10101001 9
b100110011111100000100101001 )
b100110011111100000100101001 8
b100010011001111110000010010100110101001000000000 F
b1000 4
b1000 D
b110 -
b110 ;
b10 3
b10 C
b100101011000000100010011001111110000010010100110101001000000000 H
b100101011000000100010011001111110000010010100110101001000000000 S
b1001 2
b1001 B
b1110110101010011011011001101101010110010100111111011011001100101 b
b1110 f
b10100001 d
b1110001011101101 e
b10101001 a
b100110011111100000100101001 `
b1000 i
b110 c
b10 h
b1001 g
b101 j
b11110 k
b11111110 7
1_
#68000
b100111101010000101001010001010111000101011010110001101000000000 "
b100111101010000101001010001010111000101011010110001101000000000 <
b11110011110001000110010111100100100010001100011111111101000100 %
b11110011110001000110010111100100100010001100011111111101000100 K
b101001010001010111000101011010110001101000000000 E
1$
1M
1Y
b100111101000000101001010001010111000101011010110001101000000000 T
b100111101010000101001010001010111000101011010110001101000000000 =
b11110011110001000110010111100100100010001100011111111101000100 ,
b11110011110001000110010111100100100010001100011111111101000100 :
b11110011110001000110010111100100100010001100011111111101000100 R
b111000 1
b111000 A
b10011110 /
b10011110 ?
b10010100110111111001111000111000000000000000 G
b1001010011011111 0
b1001010011011111 @
b10001101 *
b10001101 9
b10100010101110001010110101 )
b10100010101110001010110101 8
b101001010001010111000101011010110001101000000000 F
b1010 4
b1010 D
b10 -
b10 ;
b100111101000000101001010001010111000101011010110001101000000000 H
b100111101000000101001010001010111000101011010110001101000000000 S
b111 3
b111 C
b11110011110001000110010111100100100010001100011111111101000100 b
b111000 f
b10011110 d
b1001010011011111 e
b10001101 a
b10100010101110001010110101 `
b1010 i
b10 c
b111 h
b11111 k
b100000011 7
#69000
b10100001000001001100001110100000011001101000001101011000000000 "
b10100001000001001100001110100000011001101000001101011000000000 <
b101010111110110101011011010101100000111011011111100111100001110 %
b101010111110110101011011010101100000111011011111100111100001110 K
b1001100001110100000011001101000001101011000000000 E
0$
0M
0Y
b10100001000001001100001110100000011001101000001101011000000000 T
b10100001000001001100001110100000011001101000001101011000000000 =
b101010111110110101011011010101100000111011011111100111100001110 ,
b101010111110110101011011010101100000111011011111100111100001110 :
b101010111110110101011011010101100000111011011111100111100001110 R
b10110110 1
b10110110 A
b11000111 /
b11000111 ?
b1011001010101100011110110110000000000000 G
b101100101010 0
b101100101010 @
b1101011 *
b1101011 9
b11101000000110011010000 )
b11101000000110011010000 8
b1001100001110100000011001101000001101011000000000 F
b10011 4
b10011 D
b0 3
b0 C
b10100001000001001100001110100000011001101000001101011000000000 H
b10100001000001001100001110100000011001101000001101011000000000 S
b101 2
b101 B
b101010111110110101011011010101100000111011011111100111100001110 b
b10110110 f
b11000111 d
b101100101010 e
b1101011 a
b11101000000110011010000 `
b10011 i
b0 h
b101 g
b11 j
b100000 k
b100001000 7
#70000
1>
b1001010000110000000010111100100110100111111110000110000000000000 "
b1001010000110000000010111100100110100111111110000110000000000000 <
b0 %
b0 K
b10111100100110100111111110000110000000000000 E
0!
0I
1$
1M
1Y
b1001010000100000000010111100100110100111111110000110000000000000 T
b1001010000110000000010111100100110100111111110000110000000000000 =
b1111111011011111011100101111110111100001111100010000001011000011 ,
b1111111011011111011100101111110111100001111100010000001011000011 :
b1111111011011111011100101111110111100001111100010000001011000011 R
b10000110 1
b10000110 A
b1111111 /
b1111111 ?
b10111100100110100111111110000110000000000000 G
b1011110010011010 0
b1011110010011010 @
b10110100 *
b10110100 9
b110010111011010110111011100 )
b110010111011010110111011100 8
b1001011001011101101011011101110010110100000000000 F
b10010 4
b10010 D
b1 -
b1 ;
b100 3
b100 C
b1001010000100000000010111100100110100111111110000110000000000000 H
b1001010000100000000010111100100110100111111110000110000000000000 S
b10010 2
b10010 B
b1111111011011111011100101111110111100001111100010000001011000011 b
b10000110 f
b1111111 d
b1011110010011010 e
b10110100 a
b110010111011010110111011100 `
b10010 i
b1 c
b100 h
b10010 g
b1011 j
b100001 k
b100001101 7
#71000
b1011001111011001011101100110011110000101001100010011010000001010 %
b1011001111011001011101100110011110000101001100010011010000001010 K
1#
1J
1W
b1101101001011000000011101001010011101110010011001010000000000000 "
b1101101001011000000011101001010011101110010011001010000000000000 <
b11101001010011101110010011001010000000000000 E
1!
1I
b1101101001000000000011101001010011101110010011001010000000000000 T
b1101101001010000000011101001010011101110010011001010000000000000 =
b1011001111011001011101100110011110000101001100010011010000001010 ,
b1011001111011001011101100110011110000101001100010011010000001010 :
b1011001111011001011101100110011110000101001100010011010000001010 R
b11001010 1
b11001010 A
b11100100 /
b11100100 ?
b11101001010011101110010011001010000000000000 G
b1110100101001110 0
b1110100101001110 @
b10000100 *
b10000100 9
b11000011101110110101010110 )
b11000011101110110101010110 8
b1110101100001110111011010101011010000100000000000 F
b11101 4
b11101 D
b10 -
b10 ;
b10 3
b10 C
b1101101001000000000011101001010011101110010011001010000000000000 H
b1101101001000000000011101001010011101110010011001010000000000000 S
b11011 2
b11011 B
b1011001111011001011101100110011110000101001100010011010000001010 b
b11001010 f
b11100100 d
b1110100101001110 e
b10000100 a
b11000011101110110101010110 `
b11101 i
b10 c
b10 h
b11011 g
b1100 j
b100010 k
b100010010 7
0_
#72000
0>
b1100100111011001101101101101111101110011011011000001011000000000 "
b1100100111011001101101101101111101110011011011000001011000000000 <
b11110011010001100001110111100111011100001010111100010010111000 %
b11110011010001100001110111100111011100001010111100010010111000 K
b1101101101101111101110011011011000001011000000000 E
b1100100111000001101101101101111101110011011011000001011000000000 T
b1100100111010001101101101101111101110011011011000001011000000000 =
b11110011010001100001110111100111011100001010111100010010111000 ,
b11110011010001100001110111100111011100001010111100010010111000 :
b11110011010001100001110111100111011100001010111100010010111000 R
b11001001 1
b11001001 A
b11101111 /
b11101111 ?
b10001010001110001110111111001001000000000000 G
b1000101000111000 0
b1000101000111000 @
b1011 *
b1011 9
b11011011111011100110110110 )
b11011011111011100110110110 8
b1101101101101111101110011011011000001011000000000 F
b11011 4
b11011 D
b110 -
b110 ;
b1 3
b1 C
b1100100111000001101101101101111101110011011011000001011000000000 H
b1100100111000001101101101101111101110011011011000001011000000000 S
b11001 2
b11001 B
b11110011010001100001110111100111011100001010111100010010111000 b
b11001001 f
b11101111 d
b1000101000111000 e
b1011 a
b11011011111011100110110110 `
b11011 i
b110 c
b1 h
b11001 g
b1010 j
b100011 k
b100010111 7
1_
#73000
0$
0M
0Y
b110110111100000101101001110100101111111001010010001000000000000 "
b110110111100000101101001110100101111111001010010001000000000000 <
b1000001000111111001011000000010010101100101101111100101001011001 %
b1000001000111111001011000000010010101100101101111100101001011001 K
0#
0J
0W
b101101001110100101111111001010010001000000000000 E
b110110111100000101101001110100101111111001010010001000000000000 T
b110110111100000101101001110100101111111001010010001000000000000 =
b1000001000111111001011000000010010101100101101111100101001011001 ,
b1000001000111111001011000000010010101100101101111100101001011001 :
b1000001000111111001011000000010010101100101101111100101001011001 R
b10011011 1
b10011011 A
b10101110 /
b10101110 ?
b1011101100100111010111010011011000000000000 G
b101110110010011 0
b101110110010011 @
b10001000 *
b10001000 9
b10011101001011111110010100 )
b10011101001011111110010100 8
b101101001110100101111111001010010001000000000000 F
b1011 4
b1011 D
b111 -
b111 ;
b101 3
b101 C
b110110111100000101101001110100101111111001010010001000000000000 H
b110110111100000101101001110100101111111001010010001000000000000 S
b1101 2
b1101 B
b1000001000111111001011000000010010101100101101111100101001011001 b
b10011011 f
b10101110 d
b101110110010011 e
b10001000 a
b10011101001011111110010100 `
b1011 i
b111 c
b101 h
b1101 g
b111 j
b100100 k
b100011100 7
#74000
b1100100010100000101110111001011011010011101101111000010000000000 "
b1100100010100000101110111001011011010011101101111000010000000000 <
b110110010110000101101111101100110110110101001000010011001101101 %
b110110010110000101101111101100110110110101001000010011001101101 K
b101110111001011011010011101101111000010000000000 E
0$
0M
0Y
b1100100010100000101110111001011011010011101101111000010000000000 T
b1100100010100000101110111001011011010011101101111000010000000000 =
b110110010110000101101111101100110110110101001000010011001101101 ,
b110110010110000101101111101100110110110101001000010011001101101 :
b110110010110000101101111101100110110110101001000010011001101101 R
b1101 1
b1101 A
b11110 /
b11110 ?
b11011110010011010001111000001101000000000000 G
b1101111001001101 0
b1101111001001101 @
b11000010 *
b11000010 9
b101110111001011011010011101101111000010000000000 F
b101110010110110100111011011 )
b101110010110110100111011011 8
b101 -
b101 ;
b0 3
b0 C
b1100100010100000101110111001011011010011101101111000010000000000 H
b1100100010100000101110111001011011010011101101111000010000000000 S
b11001 2
b11001 B
b110110010110000101101111101100110110110101001000010011001101101 b
b1101 f
b11110 d
b1101111001001101 e
b11000010 a
b101110010110110100111011011 `
b101 c
b0 h
b11001 g
b1010 j
b100101 k
b100100001 7
#75000
1$
1M
1Y
1>
b1101100000111000000001001001110010100011101111011000000000000000 "
b1101100000111000000001001001110010100011101111011000000000000000 <
b101101100010111001011011011011001001010100100110111000110010101 %
b101101100010111001011011011011001001010100100110111000110010101 K
1#
1J
1W
b1001001110010100011101111011000000000000000 E
b1101100000100000000001001001110010100011101111011000000000000000 T
b1101100000110000000001001001110010100011101111011000000000000000 =
b101101100010111001011011011011001001010100100110111000110010101 ,
b101101100010111001011011011011001001010100100110111000110010101 :
b101101100010111001011011011011001001010100100110111000110010101 R
b11011000 1
b11011000 A
b111011 /
b111011 ?
b1001001110010100011101111011000000000000000 G
b100100111001010 0
b100100111001010 @
b1000001 *
b1000001 9
b11010001011110001001110110 )
b11010001011110001001110110 8
b11001101000101111000100111011001000001000000000 F
b110 4
b110 D
b1 -
b1 ;
b1101100000100000000001001001110010100011101111011000000000000000 H
b1101100000100000000001001001110010100011101111011000000000000000 S
b11011 2
b11011 B
b101101100010111001011011011011001001010100100110111000110010101 b
b11011000 f
b111011 d
b100100111001010 e
b1000001 a
b11010001011110001001110110 `
b110 i
b1 c
b11011 g
b1100 j
b100110 k
b100100110 7
#76000
0$
0M
0Y
0#
0J
0W
0>
b1000011001100000001001100000111000110100100011000000100000000000 "
b1000011001100000001001100000111000110100100011000000100000000000 <
b0 %
b0 K
b1001100000111000110100100011000000100000000000 E
0!
0I
b1000011001100000001001100000111000110100100011000000100000000000 T
b1000011001100000001001100000111000110100100011000000100000000000 =
b111101111010010011000011111011100110100100110000000011101101001 ,
b111101111010010011000011111011100110100100110000000011101101001 :
b111101111010010011000011111011100110100100110000000011101101001 R
b1110011 /
b1110011 ?
b10011011000001000111001111011000000000000000 G
b1001101100000100 0
b1001101100000100 @
b100 *
b100 9
b11000001110001101001000110 )
b11000001110001101001000110 8
b1001100000111000110100100011000000100000000000 F
b10 4
b10 D
b11 -
b11 ;
b110 3
b110 C
b1000011001100000001001100000111000110100100011000000100000000000 H
b1000011001100000001001100000111000110100100011000000100000000000 S
b10000 2
b10000 B
b111101111010010011000011111011100110100100110000000011101101001 b
b1110011 d
b1001101100000100 e
b100 a
b11000001110001101001000110 `
b10 i
b11 c
b110 h
b10000 g
b1000 j
b100111 k
b100101011 7
#77000
1$
1M
1Y
b110000000110000010101001101110101110101011010010100001000000000 "
b110000000110000010101001101110101110101011010010100001000000000 <
b10101001101110101110101011010010100001000000000 E
b110000000100000010101001101110101110101011010010100001000000000 T
b110000000110000010101001101110101110101011010010100001000000000 =
b1010001111100110110010010100010010110100100000000010000101101 ,
b1010001111100110110010010100010010110100100000000010000101101 :
b1010001111100110110010010100010010110100100000000010000101101 R
b10000001 1
b10000001 A
b101011 /
b101011 ?
b10001101100010000010101110000001000000000000 G
b1000110110001000 0
b1000110110001000 @
b10100001 *
b10100001 9
b10011011101011101010110100 )
b10011011101011101010110100 8
b10101001101110101110101011010010100001000000000 F
b101 4
b101 D
b1 -
b1 ;
b0 3
b0 C
b110000000100000010101001101110101110101011010010100001000000000 H
b110000000100000010101001101110101110101011010010100001000000000 S
b1100 2
b1100 B
b1010001111100110110010010100010010110100100000000010000101101 b
b10000001 f
b101011 d
b1000110110001000 e
b10100001 a
b10011011101011101010110100 `
b101 i
b1 c
b0 h
b1100 g
b110 j
b101000 k
b100110000 7
0_
#78000
1>
b1001011100110000000010011100001011100101100010010110000000000000 "
b1001011100110000000010011100001011100101100010010110000000000000 <
b10011100001011100101100010010110000000000000 E
1$
1M
1Y
b1001011100100000000010011100001011100101100010010110000000000000 T
b1001011100110000000010011100001011100101100010010110000000000000 =
b1000010001110111111001000000100000001110010000010100010100011100 ,
b1000010001110111111001000000100000001110010000010100010100011100 :
b1000010001110111111001000000100000001110010000010100010100011100 R
b10010110 1
b10010110 A
b1011000 /
b1011000 ?
b10011100001011100101100010010110000000000000 G
b1001110000101110 0
b1001110000101110 @
b100 *
b100 9
b11110001010011000011000111 )
b11110001010011000011000111 8
b1111101111000101001100001100011100000100000000000 F
b11111 4
b11111 D
b111 3
b111 C
b1001011100100000000010011100001011100101100010010110000000000000 H
b1001011100100000000010011100001011100101100010010110000000000000 S
b10010 2
b10010 B
b1000010001110111111001000000100000001110010000010100010100011100 b
b10010110 f
b1011000 d
b1001110000101110 e
b100 a
b11110001010011000011000111 `
b11111 i
b111 h
b10010 g
b1011 j
b101001 k
b100110101 7
#79000
0$
0M
0Y
b1000111000110111100100000001110001000011001101010110011110000110 %
b1000111000110111100100000001110001000011001101010110011110000110 K
1#
1J
1W
0>
b110101011001001000111010100111101001101111110101010101000000000 "
b110101011001001000111010100111101001101111110101010101000000000 <
b1000111010100111101001101111110101010101000000000 E
1!
1I
b110101011000001000111010100111101001101111110101010101000000000 T
b110101011000001000111010100111101001101111110101010101000000000 =
b1000111000110111100100000001110001000011001101010110011110000110 ,
b1000111000110111100100000001110001000011001101010110011110000110 :
b1000111000110111100100000001110001000011001101010110011110000110 R
b101011 1
b101011 A
b11101101 /
b11101101 ?
b111001010011110110100101011000000000000 G
b11100101001 0
b11100101001 @
b1010101 *
b1010101 9
b110101001111010011011111101 )
b110101001111010011011111101 8
b1000111010100111101001101111110101010101000000000 F
b10001 4
b10001 D
b110 -
b110 ;
b10 3
b10 C
b110101011000001000111010100111101001101111110101010101000000000 H
b110101011000001000111010100111101001101111110101010101000000000 S
b1101 2
b1101 B
b1000111000110111100100000001110001000011001101010110011110000110 b
b101011 f
b11101101 d
b11100101001 e
b1010101 a
b110101001111010011011111101 `
b10001 i
b110 c
b10 h
b1101 g
b111 j
b101010 k
b100111010 7
#80000
1>
b1101110111111000000011000110001111011110011110111001000000000000 "
b1101110111111000000011000110001111011110011110111001000000000000 <
b11001101001110101001110110011010111000010101011100010001110000 %
b11001101001110101001110110011010111000010101011100010001110000 K
b11000110001111011110011110111001000000000000 E
1$
1M
1Y
b1101110111100000000011000110001111011110011110111001000000000000 T
b1101110111110000000011000110001111011110011110111001000000000000 =
b11001101001110101001110110011010111000010101011100010001110000 ,
b11001101001110101001110110011010111000010101011100010001110000 :
b11001101001110101001110110011010111000010101011100010001110000 R
b10111001 1
b10111001 A
b11100111 /
b11100111 ?
b11000110001111011110011110111001000000000000 G
b1100011000111101 0
b1100011000111101 @
b10100111 *
b10100111 9
b101001101000000100011011010 )
b101001101000000100011011010 8
b10010100110100000010001101101010100111000000000 F
b100 4
b100 D
b111 -
b111 ;
b101 3
b101 C
b1101110111100000000011000110001111011110011110111001000000000000 H
b1101110111100000000011000110001111011110011110111001000000000000 S
b11011 2
b11011 B
b11001101001110101001110110011010111000010101011100010001110000 b
b10111001 f
b11100111 d
b1100011000111101 e
b10100111 a
b101001101000000100011011010 `
b100 i
b111 c
b101 h
b11011 g
b1100 j
b101011 k
b100111111 7
1_
#81000
0>
b101100100001000100111110101000001000111001110100001000000000 "
b101100100001000100111110101000001000111001110100001000000000 <
b10111100111010101100110101111001111101010001110111100111111010 %
b10111100111010101100110101111001111101010001110111100111111010 K
0#
0J
0W
b1000100111110101000001000111001110100001000000000 E
0$
0M
0Y
b101100100001000100111110101000001000111001110100001000000000 T
b101100100001000100111110101000001000111001110100001000000000 =
b10111100111010101100110101111001111101010001110111100111111010 ,
b10111100111010101100110101111001111101010001110111100111111010 :
b10111100111010101100110101111001111101010001110111100111111010 R
b11111010 1
b11111010 A
b101010 /
b101010 ?
b10011001101110100010101011111010000000000000 G
b1001100110111010 0
b1001100110111010 @
b10100001 *
b10100001 9
b1111101010000010001110011 )
b1111101010000010001110011 8
b1000100111110101000001000111001110100001000000000 F
b10001 4
b10001 D
b1 -
b1 ;
b11 3
b11 C
b101100100001000100111110101000001000111001110100001000000000 H
b101100100001000100111110101000001000111001110100001000000000 S
b1 2
b1 B
b10111100111010101100110101111001111101010001110111100111111010 b
b11111010 f
b101010 d
b1001100110111010 e
b10100001 a
b1111101010000010001110011 `
b10001 i
b1 c
b11 h
b1 g
b1 j
b101100 k
b101000100 7
#82000
1$
1M
1Y
b101110010001001001010001110000001011101010111111110000000000 "
b101110010001001001010001110000001011101010111111110000000000 <
b1101110011110000000000001011100100011011100001110110000100110111 %
b1101110011110000000000001011100100011011100001110110000100110111 K
b1001001010001110000001011101010111111110000000000 E
b101110000001001001010001110000001011101010111111110000000000 T
b101110010001001001010001110000001011101010111111110000000000 =
b1101110011110000000000001011100100011011100001110110000100110111 ,
b1101110011110000000000001011100100011011100001110110000100110111 :
b1101110011110000000000001011100100011011100001110110000100110111 R
b1101111 1
b1101111 A
b1101000 /
b1101000 ?
b11110110000110100110100001101111000000000000 G
b1111011000011010 0
b1111011000011010 @
b11111110 *
b11111110 9
b10100011100000010111010101 )
b10100011100000010111010101 8
b1001001010001110000001011101010111111110000000000 F
b10010 4
b10010 D
b101110000001001001010001110000001011101010111111110000000000 H
b101110000001001001010001110000001011101010111111110000000000 S
b100 -
b100 ;
b1101110011110000000000001011100100011011100001110110000100110111 b
b1101111 f
b1101000 d
b1111011000011010 e
b11111110 a
b10100011100000010111010101 `
b10010 i
b100 c
b101101 k
b101001001 7
#83000
b1000100000010000000001100100111001101111001011000101000000000000 "
b1000100000010000000001100100111001101111001011000101000000000000 <
b1001100100101100111110010011011011011010001100001101010110110 %
b1001100100101100111110010011011011011010001100001101010110110 K
b1100100111001101111001011000101000000000000 E
b1000100000000000000001100100111001101111001011000101000000000000 T
b1000100000010000000001100100111001101111001011000101000000000000 =
b1001100100101100111110010011011011011010001100001101010110110 ,
b1001100100101100111110010011011011011010001100001101010110110 :
b1001100100101100111110010011011011011010001100001101010110110 R
b11000101 1
b11000101 A
b11110110 /
b11110110 ?
b100001110000001111011011000101000000000000 G
b10000111000000 0
b10000111000000 @
b101000 *
b101000 9
b11001001110011011110010110 )
b11001001110011011110010110 8
b1100100111001101111001011000101000000000000 F
b0 4
b0 D
b0 -
b0 ;
b0 3
b0 C
b1000100000000000000001100100111001101111001011000101000000000000 H
b1000100000000000000001100100111001101111001011000101000000000000 S
b10001 2
b10001 B
b1001100100101100111110010011011011011010001100001101010110110 b
b11000101 f
b11110110 d
b10000111000000 e
b101000 a
b11001001110011011110010110 `
b0 i
b0 c
b0 h
b10001 g
b1001 j
b101110 k
b101001110 7
#84000
1$
1M
1Y
1>
b1001010000110000000000001111110111000010101001100010000000000000 "
b1001010000110000000000001111110111000010101001100010000000000000 <
b0 %
b0 K
b1111110111000010101001100010000000000000 E
0!
0I
b1001010000100000000000001111110111000010101001100010000000000000 T
b1001010000110000000000001111110111000010101001100010000000000000 =
b100001101100001010101111000011000111100000000111111111101111000 ,
b100001101100001010101111000011000111100000000111111111101111000 :
b100001101100001010101111000011000111100000000111111111101111000 R
b1100010 1
b1100010 A
b101010 /
b101010 ?
b1111110111000010101001100010000000000000 G
b111111011100 0
b111111011100 @
b111100 *
b111100 9
b110100110011000001101111101 )
b110100110011000001101111101 8
b1000011010011001100000110111110100111100000000000 F
b10000 4
b10000 D
b1 -
b1 ;
b100 3
b100 C
b1001010000100000000000001111110111000010101001100010000000000000 H
b1001010000100000000000001111110111000010101001100010000000000000 S
b10010 2
b10010 B
b100001101100001010101111000011000111100000000111111111101111000 b
b1100010 f
b101010 d
b111111011100 e
b111100 a
b110100110011000001101111101 `
b10000 i
b1 c
b100 h
b10010 g
b1011 j
b101111 k
b101010011 7
#85000
b1110011111000011101101101100111100111100111011010010101101111001 %
b1110011111000011101101101100111100111100111011010010101101111001 K
0>
b110100111110000001111101011010100110110111111011001001000000000 "
b110100111110000001111101011010100110110111111011001001000000000 <
b1111101011010100110110111111011001001000000000 E
1!
1I
1$
1M
1Y
b110100111100000001111101011010100110110111111011001001000000000 T
b110100111110000001111101011010100110110111111011001001000000000 =
b1110011111000011101101101100111100111100111011010010101101111001 ,
b1110011111000011101101101100111100111100111011010010101101111001 :
b1110011111000011101101101100111100111100111011010010101101111001 R
b100101 1
b100101 A
b10000110 /
b10000110 ?
b10000000110110111000011000100101000000000000 G
b1000000011011011 0
b1000000011011011 @
b11001001 *
b11001001 9
b111010110101001101101111110 )
b111010110101001101101111110 8
b1111101011010100110110111111011001001000000000 F
b11 4
b11 D
b111 -
b111 ;
b1 3
b1 C
b110100111100000001111101011010100110110111111011001001000000000 H
b110100111100000001111101011010100110110111111011001001000000000 S
b1101 2
b1101 B
b1110011111000011101101101100111100111100111011010010101101111001 b
b100101 f
b10000110 d
b1000000011011011 e
b11001001 a
b111010110101001101101111110 `
b11 i
b111 c
b1 h
b1101 g
b111 j
b110000 k
b101011000 7
0_
#86000
0$
0M
0Y
1>
b1001010101000000000011101110011000010000110001110001000000000000 "
b1001010101000000000011101110011000010000110001110001000000000000 <
b0 %
b0 K
b11101110011000010000110001110001000000000000 E
0!
0I
b1001010101000000000011101110011000010000110001110001000000000000 T
b1001010101000000000011101110011000010000110001110001000000000000 =
b101110010100000010010001011111010000111101010111100010100001 ,
b101110010100000010010001011111010000111101010111100010100001 :
b101110010100000010010001011111010000111101010111100010100001 R
b1110001 1
b1110001 A
b1100 /
b1100 ?
b11101110011000010000110001110001000000000000 G
b1110111001100001 0
b1110111001100001 @
b101100 *
b101100 9
b101001010001110010011111010 )
b101001010001110010011111010 8
b11110100101000111001001111101000101100000000000 F
b111 4
b111 D
b10 -
b10 ;
b101 3
b101 C
b1001010101000000000011101110011000010000110001110001000000000000 H
b1001010101000000000011101110011000010000110001110001000000000000 S
b10010 2
b10010 B
b101110010100000010010001011111010000111101010111100010100001 b
b1110001 f
b1100 d
b1110111001100001 e
b101100 a
b101001010001110010011111010 `
b111 i
b10 c
b101 h
b10010 g
b1011 j
b110001 k
b101011101 7
1_
#87000
b111101010001100010110011111010110011010101101001000100000110101 %
b111101010001100010110011111010110011010101101001000100000110101 K
0>
b111011100001111001101110111100100011000011001011100000000000 "
b111011100001111001101110111100100011000011001011100000000000 <
b1111001101110111100100011000011001011100000000000 E
1!
1I
0$
0M
0Y
b111011100001111001101110111100100011000011001011100000000000 T
b111011100001111001101110111100100011000011001011100000000000 =
b111101010001100010110011111010110011010101101001000100000110101 ,
b111101010001100010110011111010110011010101101001000100000110101 :
b111101010001100010110011111010110011010101101001000100000110101 R
b100000 1
b100000 A
b1010101 /
b1010101 ?
b10010110010100000101010100100000000000000000 G
b1001011001010000 0
b1001011001010000 @
b1011100 *
b1011100 9
b11011101111001000110000110 )
b11011101111001000110000110 8
b1111001101110111100100011000011001011100000000000 F
b11110 4
b11110 D
b111 -
b111 ;
b110 3
b110 C
b111011100001111001101110111100100011000011001011100000000000 H
b111011100001111001101110111100100011000011001011100000000000 S
b1 2
b1 B
b111101010001100010110011111010110011010101101001000100000110101 b
b100000 f
b1010101 d
b1001011001010000 e
b1011100 a
b11011101111001000110000110 `
b11110 i
b111 c
b110 h
b1 g
b1 j
b110010 k
b101100010 7
0_
#88000
b100001010010001110110010011010100010100010100100001101000000000 "
b100001010010001110110010011010100010100010100100001101000000000 <
b0 %
b0 K
b1110110010011010100010100010100100001101000000000 E
0!
0I
1$
1M
1Y
b100001010000001110110010011010100010100010100100001101000000000 T
b100001010010001110110010011010100010100010100100001101000000000 =
b1110001011100101011101001100010111001100000000011011010010011000 ,
b1110001011100101011101001100010111001100000000011011010010011000 :
b1110001011100101011101001100010111001100000000011011010010011000 R
b1111001 1
b1111001 A
b1001011 /
b1001011 ?
b1110101110000010100101101111001000000000000 G
b111010111000001 0
b111010111000001 @
b1101 *
b1101 9
b100100110101000101000101001 )
b100100110101000101000101001 8
b1110110010011010100010100010100100001101000000000 F
b11101 4
b11101 D
b100 -
b100 ;
b10 3
b10 C
b100001010000001110110010011010100010100010100100001101000000000 H
b100001010000001110110010011010100010100010100100001101000000000 S
b1000 2
b1000 B
b1110001011100101011101001100010111001100000000011011010010011000 b
b1111001 f
b1001011 d
b111010111000001 e
b1101 a
b100100110101000101000101001 `
b11101 i
b100 c
b10 h
b1000 g
b100 j
b110011 k
b101100111 7
1_
#89000
b100010101110000111110110110010011110110100101100000011000000000 "
b100010101110000111110110110010011110110100101100000011000000000 <
b111110110110010011110110100101100000011000000000 E
b100010101100000111110110110010011110110100101100000011000000000 T
b100010101110000111110110110010011110110100101100000011000000000 =
b1111011000100010111001101110110011000101010100000001011010001010 ,
b1111011000100010111001101110110011000101010100000001011010001010 :
b1111011000100010111001101110110011000101010100000001011010001010 R
b11101 1
b11101 A
b11100011 /
b11100011 ?
b1000010011100111110001100011101000000000000 G
b100001001110011 0
b100001001110011 @
b11 *
b11 9
b101101100100111101101001011 )
b101101100100111101101001011 8
b111110110110010011110110100101100000011000000000 F
b1111 4
b1111 D
b11 -
b11 ;
b100010101100000111110110110010011110110100101100000011000000000 H
b100010101100000111110110110010011110110100101100000011000000000 S
b101 3
b101 C
b1111011000100010111001101110110011000101010100000001011010001010 b
b11101 f
b11100011 d
b100001001110011 e
b11 a
b101101100100111101101001011 `
b1111 i
b11 c
b101 h
b110100 k
b101101100 7
0_
#90000
1>
b1001010010110000000010000000101010000101001011111000000000000000 "
b1001010010110000000010000000101010000101001011111000000000000000 <
b10000000101010000101001011111000000000000000 E
b1001010010100000000010000000101010000101001011111000000000000000 T
b1001010010110000000010000000101010000101001011111000000000000000 =
b101010010011110111111011010100111010000110010101000110010100001 ,
b101010010011110111111011010100111010000110010101000110010100001 :
b101010010011110111111011010100111010000110010101000110010100001 R
b11111000 1
b11111000 A
b1010010 /
b1010010 ?
b10000000101010000101001011111000000000000000 G
b1000000010101000 0
b1000000010101000 @
b11101101 *
b11101101 9
b111010110001101000101001110 )
b111010110001101000101001110 8
b11101011000110100010100111011101101000000000 F
b0 4
b0 D
b101 -
b101 ;
b100 3
b100 C
b1001010010100000000010000000101010000101001011111000000000000000 H
b1001010010100000000010000000101010000101001011111000000000000000 S
b10010 2
b10010 B
b101010010011110111111011010100111010000110010101000110010100001 b
b11111000 f
b1010010 d
b1000000010101000 e
b11101101 a
b111010110001101000101001110 `
b0 i
b101 c
b100 h
b10010 g
b1011 j
b110101 k
b101110001 7
#91000
0$
0M
0Y
b1100111111010110110000001001111100010101001011111011010100101010 %
b1100111111010110110000001001111100010101001011111011010100101010 K
1#
1J
1W
0>
b1100101010001000011011100001011101110010000111010001100000000000 "
b1100101010001000011011100001011101110010000111010001100000000000 <
b11011100001011101110010000111010001100000000000 E
1!
1I
b1100101010000000011011100001011101110010000111010001100000000000 T
b1100101010000000011011100001011101110010000111010001100000000000 =
b1100111111010110110000001001111100010101001011111011010100101010 ,
b1100111111010110110000001001111100010101001011111011010100101010 :
b1100111111010110110000001001111100010101001011111011010100101010 R
b10111 1
b10111 A
b10010000 /
b10010000 ?
b1100110111001101001000000010111000000000000 G
b110011011100110 0
b110011011100110 @
b10001100 *
b10001100 9
b111000010111011100100001110 )
b111000010111011100100001110 8
b11011100001011101110010000111010001100000000000 F
b110 4
b110 D
b100 -
b100 ;
b10 3
b10 C
b1100101010000000011011100001011101110010000111010001100000000000 H
b1100101010000000011011100001011101110010000111010001100000000000 S
b11001 2
b11001 B
b1100111111010110110000001001111100010101001011111011010100101010 b
b10111 f
b10010000 d
b110011011100110 e
b10001100 a
b111000010111011100100001110 `
b110 i
b100 c
b10 h
b11001 g
b1010 j
b110110 k
b101110110 7
#92000
b1000110001000001110010101011010000111010010101001100000000000000 "
b1000110001000001110010101011010000111010010101001100000000000000 <
b100111101110101111111111001111010011100011011011110011000111000 %
b100111101110101111111111001111010011100011011011110011000111000 K
0#
0J
0W
b1110010101011010000111010010101001100000000000000 E
0$
0M
0Y
b1000110001000001110010101011010000111010010101001100000000000000 T
b1000110001000001110010101011010000111010010101001100000000000000 =
b100111101110101111111111001111010011100011011011110011000111000 ,
b100111101110101111111111001111010011100011011011110011000111000 :
b100111101110101111111111001111010011100011011011110011000111000 R
b10001011 1
b10001011 A
b10111010 /
b10111010 ?
b11110100100011011011101010001011000000000000 G
b1111010010001101 0
b1111010010001101 @
b1100000 *
b1100000 9
b101010110100001110100101010 )
b101010110100001110100101010 8
b1110010101011010000111010010101001100000000000000 F
b11100 4
b11100 D
b10 -
b10 ;
b100 3
b100 C
b1000110001000001110010101011010000111010010101001100000000000000 H
b1000110001000001110010101011010000111010010101001100000000000000 S
b10001 2
b10001 B
b100111101110101111111111001111010011100011011011110011000111000 b
b10001011 f
b10111010 d
b1111010010001101 e
b1100000 a
b101010110100001110100101010 `
b11100 i
b10 c
b100 h
b10001 g
b1001 j
b110111 k
b101111011 7
1_
#93000
1$
1M
1Y
b100010101010000001010011001111101010000111100101001001000000000 "
b100010101010000001010011001111101010000111100101001001000000000 <
b0 %
b0 K
b1010011001111101010000111100101001001000000000 E
0!
0I
b100010101000000001010011001111101010000111100101001001000000000 T
b100010101010000001010011001111101010000111100101001001000000000 =
b110010100100011010001011100101000001001111111110100000100010011 ,
b110010100100011010001011100101000001001111111110100000100010011 :
b110010100100011010001011100101000001001111111110100000100010011 R
b111101 1
b111101 A
b10100 /
b10100 ?
b11100011110010000001010000111101000000000000 G
b1110001111001000 0
b1110001111001000 @
b1001001 *
b1001001 9
b100110011111010100001111001 )
b100110011111010100001111001 8
b1010011001111101010000111100101001001000000000 F
b10 4
b10 D
b101 3
b101 C
b100010101000000001010011001111101010000111100101001001000000000 H
b100010101000000001010011001111101010000111100101001001000000000 S
b1000 2
b1000 B
b110010100100011010001011100101000001001111111110100000100010011 b
b111101 f
b10100 d
b1110001111001000 e
b1001001 a
b100110011111010100001111001 `
b10 i
b101 h
b1000 g
b100 j
b111000 k
b110000000 7
#94000
b1000010011100000011010110100000110010010110101100111001000000000 "
b1000010011100000011010110100000110010010110101100111001000000000 <
b11010110100000110010010110101100111001000000000 E
0$
0M
0Y
b1000010011100000011010110100000110010010110101100111001000000000 T
b1000010011100000011010110100000110010010110101100111001000000000 =
b101101100001011110111011011011001011101000001011001110110111010 ,
b101101100001011110111011011011001011101000001011001110110111010 :
b101101100001011110111011011011001011101000001011001110110111010 R
b11010000 1
b11010000 A
b10110100 /
b10110100 ?
b10101110110001111011010011010000000000000000 G
b1010111011000111 0
b1010111011000111 @
b111001 *
b111001 9
b101101000001100100101101011 )
b101101000001100100101101011 8
b11010110100000110010010110101100111001000000000 F
b110 4
b110 D
b111 -
b111 ;
b100 3
b100 C
b1000010011100000011010110100000110010010110101100111001000000000 H
b1000010011100000011010110100000110010010110101100111001000000000 S
b10000 2
b10000 B
b101101100001011110111011011011001011101000001011001110110111010 b
b11010000 f
b10110100 d
b1010111011000111 e
b111001 a
b101101000001100100101101011 `
b110 i
b111 c
b100 h
b10000 g
b1000 j
b111001 k
b110000101 7
0_
#95000
1$
1M
1Y
b100100100101111110100111001001011011010001001101001101010110100 %
b100100100101111110100111001001011011010001001101001101010110100 K
b110011110000101001000010110101010111100010000010001000000000 "
b110011110000101001000010110101010111100010000010001000000000 <
b101001000010110101010111100010000010001000000000 E
1!
1I
b110011100000101001000010110101010111100010000010001000000000 T
b110011110000101001000010110101010111100010000010001000000000 =
b100100100101111110100111001001011011010001001101001101010110100 ,
b100100100101111110100111001001011011010001001101001101010110100 :
b100100100101111110100111001001011011010001001101001101010110100 R
b1001011 1
b1001011 A
b11101000 /
b11101000 ?
b10010101101110011110100001001011000000000000 G
b1001010110111001 0
b1001010110111001 @
b10001 *
b10001 9
b10000101101010101111000100 )
b10000101101010101111000100 8
b101001000010110101010111100010000010001000000000 F
b1010 4
b1010 D
b110011100000101001000010110101010111100010000010001000000000 H
b110011100000101001000010110101010111100010000010001000000000 S
b1 2
b1 B
b100100100101111110100111001001011011010001001101001101010110100 b
b1001011 f
b11101000 d
b1001010110111001 e
b10001 a
b10000101101010101111000100 `
b1010 i
b1 g
b1 j
b111010 k
b110001010 7
#96000
b1000110001111000010011110111011001110110111111111001001000000000 "
b1000110001111000010011110111011001110110111111111001001000000000 <
b111110101101101111101011111101011111001001001111001010011110010 %
b111110101101101111101011111101011111001001001111001010011110010 K
1#
1J
1W
b10011110111011001110110111111111001001000000000 E
b1000110001100000010011110111011001110110111111111001001000000000 T
b1000110001110000010011110111011001110110111111111001001000000000 =
b111110101101101111101011111101011111001001001111001010011110010 ,
b111110101101101111101011111101011111001001001111001010011110010 :
b111110101101101111101011111101011111001001001111001010011110010 R
b11011111 1
b11011111 A
b111001 /
b111001 ?
b10010000100001100011100111011111000000000000 G
b1001000010000110 0
b1001000010000110 @
b11001001 *
b11001001 9
b111101110110011101101111111 )
b111101110110011101101111111 8
b10011110111011001110110111111111001001000000000 F
b100 4
b100 D
b11 -
b11 ;
b1000110001100000010011110111011001110110111111111001001000000000 H
b1000110001100000010011110111011001110110111111111001001000000000 S
b10001 2
b10001 B
b111110101101101111101011111101011111001001001111001010011110010 b
b11011111 f
b111001 d
b1001000010000110 e
b11001001 a
b111101110110011101101111111 `
b100 i
b11 c
b10001 g
b1001 j
b111011 k
b110001111 7
1_
#97000
b100111110111001000000101000101001000010011001010000010000000000 "
b100111110111001000000101000101001000010011001010000010000000000 <
b100001001001111110011011000010011110010010010011010010011100100 %
b100001001001111110011011000010011110010010010011010010011100100 K
b1000000101000101001000010011001010000010000000000 E
b100111110100001000000101000101001000010011001010000010000000000 T
b100111110110001000000101000101001000010011001010000010000000000 =
b100001001001111110011011000010011110010010010011010010011100100 ,
b100001001001111110011011000010011110010010010011010010011100100 :
b100001001001111110011011000010011110010010010011010010011100100 R
b11011001 1
b11011001 A
b1001001 /
b1001001 ?
b1011110101111010100100111011001000000000000 G
b101111010111101 0
b101111010111101 @
b10000010 *
b10000010 9
b1010001010010000100110010 )
b1010001010010000100110010 8
b1000000101000101001000010011001010000010000000000 F
b10000 4
b10000 D
b101 -
b101 ;
b111 3
b111 C
b100111110100001000000101000101001000010011001010000010000000000 H
b100111110100001000000101000101001000010011001010000010000000000 S
b1001 2
b1001 B
b100001001001111110011011000010011110010010010011010010011100100 b
b11011001 f
b1001001 d
b101111010111101 e
b10000010 a
b1010001010010000100110010 `
b10000 i
b101 c
b111 h
b1001 g
b101 j
b111100 k
b110010100 7
#98000
b110110001101000001110101000011110011111100101000101010000000000 "
b110110001101000001110101000011110011111100101000101010000000000 <
b1101000010010101101010001010000101000111011001011010100110001110 %
b1101000010010101101010001010000101000111011001011010100110001110 K
b1110101000011110011111100101000101010000000000 E
0$
0M
0Y
b110110001100000001110101000011110011111100101000101010000000000 T
b110110001100000001110101000011110011111100101000101010000000000 =
b1101000010010101101010001010000101000111011001011010100110001110 ,
b1101000010010101101010001010000101000111011001011010100110001110 :
b1101000010010101101010001010000101000111011001011010100110001110 R
b1011101 1
b1011101 A
b11001000 /
b11001000 ?
b1111001101010011100100001011101000000000000 G
b111100110101001 0
b111100110101001 @
b101010 *
b101010 9
b101010000111100111111001010 )
b101010000111100111111001010 8
b1110101000011110011111100101000101010000000000 F
b11 4
b11 D
b11 -
b11 ;
b100 3
b100 C
b110110001100000001110101000011110011111100101000101010000000000 H
b110110001100000001110101000011110011111100101000101010000000000 S
b1101 2
b1101 B
b1101000010010101101010001010000101000111011001011010100110001110 b
b1011101 f
b11001000 d
b111100110101001 e
b101010 a
b101010000111100111111001010 `
b11 i
b11 c
b100 h
b1101 g
b111 j
b111101 k
b110011001 7
#99000
b110110001101001100110110001011011010101111101100010010000000000 "
b110110001101001100110110001011011010101111101100010010000000000 <
b110110001100001100110110001011011010101111101100010010000000000 T
b110110001100001100110110001011011010101111101100010010000000000 =
b1111011110000010100100001110111101100100110010000011110111001001 %
b1111011110000010100100001110111101100100110010000011110111001001 K
b110110001100001100110110001011011010101111101100010010000000000 H
b110110001100001100110110001011011010101111101100010010000000000 S
b1100110110001011011010101111101100010010000000000 E
b1111011110000010100100001110111101100100110010000011110111001001 ,
b1111011110000010100100001110111101100100110010000011110111001001 :
b1111011110000010100100001110111101100100110010000011110111001001 R
b1011001 1
b1011001 A
b1010010 /
b1010010 ?
b11110000010110101001001011001000000000000 G
b1111000001011 0
b1111000001011 @
b10010 *
b10010 9
b101100010110110101011111011 )
b101100010110110101011111011 8
b1100110110001011011010101111101100010010000000000 F
b11001 4
b11001 D
b1111011110000010100100001110111101100100110010000011110111001001 b
b1011001 f
b1010010 d
b1111000001011 e
b10010 a
b101100010110110101011111011 `
b11001 i
b111110 k
b110011110 7
#100000
b100111011101001101101101100000111001010011011010100110000000000 "
b100111011101001101101101100000111001010011011010100110000000000 <
b1100011111101000010101101000111100110101110011011011111101101011 %
b1100011111101000010101101000111100110101110011011011111101101011 K
b1101101101100000111001010011011010100110000000000 E
0$
0M
0Y
b100111011100001101101101100000111001010011011010100110000000000 T
b100111011100001101101101100000111001010011011010100110000000000 =
b1100011111101000010101101000111100110101110011011011111101101011 ,
b1100011111101000010101101000111100110101110011011011111101101011 :
b1100011111101000010101101000111100110101110011011011111101101011 R
b0 1
b0 A
b10111011 /
b10111011 ?
b1001000011101011011101100000000000000000000 G
b100100001110101 0
b100100001110101 @
b10100110 *
b10100110 9
b11011000001110010100110110 )
b11011000001110010100110110 8
b1101101101100000111001010011011010100110000000000 F
b11011 4
b11011 D
b111 -
b111 ;
b110 3
b110 C
b100111011100001101101101100000111001010011011010100110000000000 H
b100111011100001101101101100000111001010011011010100110000000000 S
b1001 2
b1001 B
b1100011111101000010101101000111100110101110011011011111101101011 b
b0 f
b10111011 d
b100100001110101 e
b10100110 a
b11011000001110010100110110 `
b11011 i
b111 c
b110 h
b1001 g
b101 j
b111111 k
b110100011 7
#101000
0#
0J
0W
b110000001100110001100101111001111000100011000101000000000 "
b110000001100110001100101111001111000100011000101000000000 <
b0 %
b0 K
b1100110001100101111001111000100011000101000000000 E
0!
0I
0$
0M
0Y
b110000001100110001100101111001111000100011000101000000000 T
b110000001100110001100101111001111000100011000101000000000 =
b100110111110011100000011001101101001001001111100100010110010010 ,
b100110111110011100000011001101101001001001111100100010110010010 :
b100110111110011100000011001101101001001001111100100010110010010 R
b10010000 1
b10010000 A
b11001111 /
b11001111 ?
b10110100101011101100111110010000000000000000 G
b1011010010101110 0
b1011010010101110 @
b11000101 *
b11000101 9
b100011001011110011110001000 )
b100011001011110011110001000 8
b1100110001100101111001111000100011000101000000000 F
b11001 4
b11001 D
b100 -
b100 ;
b1 3
b1 C
b110000001100110001100101111001111000100011000101000000000 H
b110000001100110001100101111001111000100011000101000000000 S
b0 2
b0 B
b100110111110011100000011001101101001001001111100100010110010010 b
b10010000 f
b11001111 d
b1011010010101110 e
b11000101 a
b100011001011110011110001000 `
b11001 i
b100 c
b1 h
b0 g
b0 j
b1000000 k
b110101000 7
#102000
b10000111110000101010001000100110111110010100011011000000000000 "
b10000111110000101010001000100110111110010100011011000000000000 <
b101010001000100110111110010100011011000000000000 E
1$
1M
1Y
b10000111100000101010001000100110111110010100011011000000000000 T
b10000111110000101010001000100110111110010100011011000000000000 =
b10010110110111010111110100101111100001011010011011000011000010 ,
b10010110110111010111110100101111100001011010011011000011000010 :
b10010110110111010111110100101111100001011010011011000011000010 R
b11000100 1
b11000100 A
b10011011 /
b10011011 ?
b11100000001011011001101111000100000000000000 G
b1110000000101101 0
b1110000000101101 @
b11011000 *
b11011000 9
b100010001001101111100101000 )
b100010001001101111100101000 8
b101010001000100110111110010100011011000000000000 F
b1010 4
b1010 D
b111 -
b111 ;
b10000111100000101010001000100110111110010100011011000000000000 H
b10000111100000101010001000100110111110010100011011000000000000 S
b100 2
b100 B
b10010110110111010111110100101111100001011010011011000011000010 b
b11000100 f
b10011011 d
b1110000000101101 e
b11011000 a
b100010001001101111100101000 `
b1010 i
b111 c
b100 g
b10 j
b1000001 k
b110101101 7
0_
#103000
1$
1M
1Y
1>
b1001011111010000000000000101000011011011010111010100000000000000 "
b1001011111010000000000000101000011011011010111010100000000000000 <
b101000011011011010111010100000000000000 E
b1001011111000000000000000101000011011011010111010100000000000000 T
b1001011111010000000000000101000011011011010111010100000000000000 =
b111011001111001111111011110110000001100000000111001110100011000 ,
b111011001111001111111011110110000001100000000111001110100011000 :
b111011001111001111111011110110000001100000000111001110100011000 R
b11010100 1
b11010100 A
b10110101 /
b10110101 ?
b101000011011011010111010100000000000000 G
b10100001101 0
b10100001101 @
b1110111 *
b1110111 9
b111000111001111011000011110 )
b111000111001111011000011110 8
b1000011100011100111101100001111001110111000000000 F
b10000 4
b10000 D
b110 -
b110 ;
b111 3
b111 C
b1001011111000000000000000101000011011011010111010100000000000000 H
b1001011111000000000000000101000011011011010111010100000000000000 S
b10010 2
b10010 B
b111011001111001111111011110110000001100000000111001110100011000 b
b11010100 f
b10110101 d
b10100001101 e
b1110111 a
b111000111001111011000011110 `
b10000 i
b110 c
b111 h
b10010 g
b1011 j
b1000010 k
b110110010 7
#104000
0$
0M
0Y
0>
b110011000100000101100010101110000110111101000100000001000000000 "
b110011000100000101100010101110000110111101000100000001000000000 <
b101100010101110000110111101000100000001000000000 E
b110011000100000101100010101110000110111101000100000001000000000 T
b110011000100000101100010101110000110111101000100000001000000000 =
b1010000011000000001001000100000110011101101111110110010000111011 ,
b1010000011000000001001000100000110011101101111110110010000111011 :
b1010000011000000001001000100000110011101101111110110010000111011 R
b10000000 1
b10000000 A
b11011011 /
b11011011 ?
b11100100001101101101110000000000000000000 G
b1110010000110 0
b1110010000110 @
b1 *
b1 9
b101011100001101111010001 )
b101011100001101111010001 8
b101100010101110000110111101000100000001000000000 F
b1011 4
b1011 D
b1 -
b1 ;
b110 3
b110 C
b110011000100000101100010101110000110111101000100000001000000000 H
b110011000100000101100010101110000110111101000100000001000000000 S
b1100 2
b1100 B
b1010000011000000001001000100000110011101101111110110010000111011 b
b10000000 f
b11011011 d
b1110010000110 e
b1 a
b101011100001101111010001 `
b1011 i
b1 c
b110 h
b1100 g
b110 j
b1000011 k
b110110111 7
#105000
1>
b1001010100000000000011101001010100111010111111101001000000000000 "
b1001010100000000000011101001010100111010111111101001000000000000 <
b11101001010100111010111111101001000000000000 E
0$
0M
0Y
b1001010100000000000011101001010100111010111111101001000000000000 T
b1001010100000000000011101001010100111010111111101001000000000000 =
b1010101100011001011000100101011010101101101011000010001001011011 ,
b1010101100011001011000100101011010101101101011000010001001011011 :
b1010101100011001011000100101011010101101101011000010001001011011 R
b11101001 1
b11101001 A
b10101111 /
b10101111 ?
b11101001010100111010111111101001000000000000 G
b1110100101010011 0
b1110100101010011 @
b1100110 *
b1100110 9
b100010001001111100111011000 )
b100010001001111100111011000 8
b111110001000100111110011101100001100110000000000 F
b1111 4
b1111 D
b0 -
b0 ;
b101 3
b101 C
b1001010100000000000011101001010100111010111111101001000000000000 H
b1001010100000000000011101001010100111010111111101001000000000000 S
b10010 2
b10010 B
b1010101100011001011000100101011010101101101011000010001001011011 b
b11101001 f
b10101111 d
b1110100101010011 e
b1100110 a
b100010001001111100111011000 `
b1111 i
b0 c
b101 h
b10010 g
b1011 j
b1000100 k
b110111100 7
#106000
b11100110101100000000110111001111101100010100001011010011011000 %
b11100110101100000000110111001111101100010100001011010011011000 K
b1101111011100000000011100010000001001110111001100000000000000000 "
b1101111011100000000011100010000001001110111001100000000000000000 <
b11100010000001001110111001100000000000000000 E
1!
1I
0$
0M
0Y
b1101111011100000000011100010000001001110111001100000000000000000 T
b1101111011100000000011100010000001001110111001100000000000000000 =
b11100110101100000000110111001111101100010100001011010011011000 ,
b11100110101100000000110111001111101100010100001011010011011000 :
b11100110101100000000110111001111101100010100001011010011011000 R
b1100000 1
b1100000 A
b11101110 /
b11101110 ?
b11100010000001001110111001100000000000000000 G
b1110001000000100 0
b1110001000000100 @
b10010101 *
b10010101 9
b1011001101111101011100010 )
b1011001101111101011100010 8
b100101100110111110101110001010010101000000000 F
b1 4
b1 D
b111 -
b111 ;
b110 3
b110 C
b1101111011100000000011100010000001001110111001100000000000000000 H
b1101111011100000000011100010000001001110111001100000000000000000 S
b11011 2
b11011 B
b11100110101100000000110111001111101100010100001011010011011000 b
b1100000 f
b11101110 d
b1110001000000100 e
b10010101 a
b1011001101111101011100010 `
b1 i
b111 c
b110 h
b11011 g
b1100 j
b1000101 k
b111000001 7
#107000
1$
1M
1Y
0>
b100100010011000100100100111110010011010001001011100001000000000 "
b100100010011000100100100111110010011010001001011100001000000000 <
b1001110010000001000100100011100111110010100001111011011011100101 %
b1001110010000001000100100011100111110010100001111011011011100101 K
1#
1J
1W
b100100100111110010011010001001011100001000000000 E
b100100010000000100100100111110010011010001001011100001000000000 T
b100100010010000100100100111110010011010001001011100001000000000 =
b1001110010000001000100100011100111110010100001111011011011100101 ,
b1001110010000001000100100011100111110010100001111011011011100101 :
b1001110010000001000100100011100111110010100001111011011011100101 R
b1101110 1
b1101110 A
b1110111 /
b1110111 ?
b1000100101110000111011101101110000000000000 G
b100010010111000 0
b100010010111000 @
b11100001 *
b11100001 9
b1001111100100110100010010 )
b1001111100100110100010010 8
b100100100111110010011010001001011100001000000000 F
b1001 4
b1001 D
b100 -
b100 ;
b0 3
b0 C
b100100010000000100100100111110010011010001001011100001000000000 H
b100100010000000100100100111110010011010001001011100001000000000 S
b1001 2
b1001 B
b1001110010000001000100100011100111110010100001111011011011100101 b
b1101110 f
b1110111 d
b100010010111000 e
b11100001 a
b1001111100100110100010010 `
b1001 i
b100 c
b0 h
b1001 g
b101 j
b1000110 k
b111000110 7
1_
#108000
b1000110100011001000000011000101110111001010000110101010000000000 "
b1000110100011001000000011000101110111001010000110101010000000000 <
b100000010010000010111011000000101100100000110111000010111001000 %
b100000010010000010111011000000101100100000110111000010111001000 K
b1000000011000101110111001010000110101010000000000 E
1$
1M
1Y
b1000110100000001000000011000101110111001010000110101010000000000 T
b1000110100010001000000011000101110111001010000110101010000000000 =
b100000010010000010111011000000101100100000110111000010111001000 ,
b100000010010000010111011000000101100100000110111000010111001000 :
b100000010010000010111011000000101100100000110111000010111001000 R
b11110001 1
b11110001 A
b1111 /
b1111 ?
b1111001010110000111111110001000000000000 G
b111100101011 0
b111100101011 @
b10101010 *
b10101010 9
b110001011101110010100001 )
b110001011101110010100001 8
b1000000011000101110111001010000110101010000000000 F
b10000 4
b10000 D
b0 -
b0 ;
b101 3
b101 C
b1000110100000001000000011000101110111001010000110101010000000000 H
b1000110100000001000000011000101110111001010000110101010000000000 S
b10001 2
b10001 B
b100000010010000010111011000000101100100000110111000010111001000 b
b11110001 f
b1111 d
b111100101011 e
b10101010 a
b110001011101110010100001 `
b10000 i
b0 c
b101 h
b10001 g
b1001 j
b1000111 k
b111001011 7
#109000
b10111001011001110001110110101010101010010011110101001000000000 "
b10111001011001110001110110101010101010010011110101001000000000 <
b1000111110001100011011100001111110000010001000100011101000000100 %
b1000111110001100011011100001111110000010001000100011101000000100 K
b1110001110110101010101010010011110101001000000000 E
1$
1M
1Y
b10111001000001110001110110101010101010010011110101001000000000 T
b10111001010001110001110110101010101010010011110101001000000000 =
b1000111110001100011011100001111110000010001000100011101000000100 ,
b1000111110001100011011100001111110000010001000100011101000000100 :
b1000111110001100011011100001111110000010001000100011101000000100 R
b1011011 1
b1011011 A
b11101111 /
b11101111 ?
b11111001101000011110111101011011000000000000 G
b1111100110100001 0
b1111100110100001 @
b10101001 *
b10101001 9
b11101101010101010100100111 )
b11101101010101010100100111 8
b1110001110110101010101010010011110101001000000000 F
b11100 4
b11100 D
b10 -
b10 ;
b110 3
b110 C
b10111001000001110001110110101010101010010011110101001000000000 H
b10111001000001110001110110101010101010010011110101001000000000 S
b101 2
b101 B
b1000111110001100011011100001111110000010001000100011101000000100 b
b1011011 f
b11101111 d
b1111100110100001 e
b10101001 a
b11101101010101010100100111 `
b11100 i
b10 c
b110 h
b101 g
b11 j
b1001000 k
b111010000 7
#110000
0$
0M
0Y
0#
0J
0W
b100001000100001001110000101101001000110101100000010011000000000 "
b100001000100001001110000101101001000110101100000010011000000000 <
b0 %
b0 K
b1001110000101101001000110101100000010011000000000 E
0!
0I
b100001000100001001110000101101001000110101100000010011000000000 T
b100001000100001001110000101101001000110101100000010011000000000 =
b101001101110100100110001010010001001000110011011010000010010 ,
b101001101110100100110001010010001001000110011011010000010010 :
b101001101110100100110001010010001001000110011011010000010010 R
b1010001 1
b1010001 A
b1100101 /
b1100101 ?
b10000000100101100110010101010001000000000000 G
b1000000010010110 0
b1000000010010110 @
b10011 *
b10011 9
b100001011010010001101011000 )
b100001011010010001101011000 8
b1001110000101101001000110101100000010011000000000 F
b10011 4
b10011 D
b1 -
b1 ;
b10 3
b10 C
b100001000100001001110000101101001000110101100000010011000000000 H
b100001000100001001110000101101001000110101100000010011000000000 S
b1000 2
b1000 B
b101001101110100100110001010010001001000110011011010000010010 b
b1010001 f
b1100101 d
b1000000010010110 e
b10011 a
b100001011010010001101011000 `
b10011 i
b1 c
b10 h
b1000 g
b100 j
b1001001 k
b111010101 7
#111000
1$
1M
1Y
b100000101010001000101100100010011100001001011001100010000000000 "
b100000101010001000101100100010011100001001011001100010000000000 <
b1000101100100010011100001001011001100010000000000 E
b100000101000001000101100100010011100001001011001100010000000000 T
b100000101010001000101100100010011100001001011001100010000000000 =
b10101011000010110101010101010111110110110000111000111011101101 ,
b10101011000010110101010101010111110110110000111000111011101101 :
b10101011000010110101010101010111110110110000111000111011101101 R
b101010 1
b101010 A
b11100100 /
b11100100 ?
b11100010101100011110010000101010000000000000 G
b1110001010110001 0
b1110001010110001 @
b1100010 *
b1100010 9
b11001000100111000010010110 )
b11001000100111000010010110 8
b1000101100100010011100001001011001100010000000000 F
b10001 4
b10001 D
b10 -
b10 ;
b100000101000001000101100100010011100001001011001100010000000000 H
b100000101000001000101100100010011100001001011001100010000000000 S
b1 3
b1 C
b10101011000010110101010101010111110110110000111000111011101101 b
b101010 f
b11100100 d
b1110001010110001 e
b1100010 a
b11001000100111000010010110 `
b10001 i
b10 c
b1 h
b1001010 k
b111011010 7
0_
#112000
0$
0M
0Y
b101011010110100000000111010110110010011110000010010001000100111 %
b101011010110100000000111010110110010011110000010010001000100111 K
b10100110100000110110110001011001010110010101111001001000000000 "
b10100110100000110110110001011001010110010101111001001000000000 <
b110110110001011001010110010101111001001000000000 E
1!
1I
b10100110100000110110110001011001010110010101111001001000000000 T
b10100110100000110110110001011001010110010101111001001000000000 =
b101011010110100000000111010110110010011110000010010001000100111 ,
b101011010110100000000111010110110010011110000010010001000100111 :
b101011010110100000000111010110110010011110000010010001000100111 R
b10101111 1
b10101111 A
b1000001 /
b1000001 ?
b11011111101010100000110101111000000000000 G
b1101111110101 0
b1101111110101 @
b11001001 *
b11001001 9
b101100010110010101100101011 )
b101100010110010101100101011 8
b110110110001011001010110010101111001001000000000 F
b1101 4
b1101 D
b101 -
b101 ;
b10100110100000110110110001011001010110010101111001001000000000 H
b10100110100000110110110001011001010110010101111001001000000000 S
b101 2
b101 B
b101011010110100000000111010110110010011110000010010001000100111 b
b10101111 f
b1000001 d
b1101111110101 e
b11001001 a
b101100010110010101100101011 `
b1101 i
b101 c
b101 g
b11 j
b1001011 k
b111011111 7
#113000
b100110100011000011001001001001111111111000010010100010000000000 "
b100110100011000011001001001001111111111000010010100010000000000 <
b1111001111010111101001101110011111011100111011111001000010111001 %
b1111001111010111101001101110011111011100111011111001000010111001 K
1#
1J
1W
b11001001001001111111111000010010100010000000000 E
1$
1M
1Y
b100110100000000011001001001001111111111000010010100010000000000 T
b100110100010000011001001001001111111111000010010100010000000000 =
b1111001111010111101001101110011111011100111011111001000010111001 ,
b1111001111010111101001101110011111011100111011111001000010111001 :
b1111001111010111101001101110011111011100111011111001000010111001 R
b1101010 1
b1101010 A
b10111101 /
b10111101 ?
b11100100101001111011110101101010000000000000 G
b1110010010100111 0
b1110010010100111 @
b10100010 *
b10100010 9
b10010010011111111110000100 )
b10010010011111111110000100 8
b11001001001001111111111000010010100010000000000 F
b110 4
b110 D
b0 -
b0 ;
b101 3
b101 C
b100110100000000011001001001001111111111000010010100010000000000 H
b100110100000000011001001001001111111111000010010100010000000000 S
b1001 2
b1001 B
b1111001111010111101001101110011111011100111011111001000010111001 b
b1101010 f
b10111101 d
b1110010010100111 e
b10100010 a
b10010010011111111110000100 `
b110 i
b0 c
b101 h
b1001 g
b101 j
b1001100 k
b111100100 7
1_
#114000
0$
0M
0Y
1>
b1101100001100000000010111011110110111111011001011100000000000000 "
b1101100001100000000010111011110110111111011001011100000000000000 <
b110010010111010000011111100100100101000100000111011000101010001 %
b110010010111010000011111100100100101000100000111011000101010001 K
0#
0J
0W
b10111011110110111111011001011100000000000000 E
b1101100001100000000010111011110110111111011001011100000000000000 T
b1101100001100000000010111011110110111111011001011100000000000000 =
b110010010111010000011111100100100101000100000111011000101010001 ,
b110010010111010000011111100100100101000100000111011000101010001 :
b110010010111010000011111100100100101000100000111011000101010001 R
b1011100 1
b1011100 A
b11110110 /
b11110110 ?
b10111011110110111111011001011100000000000000 G
b1011101111011011 0
b1011101111011011 @
b1111000 *
b1111000 9
b100110110100101011001001001 )
b100110110100101011001001001 8
b10110011011010010101100100100101111000000000000 F
b101 4
b101 D
b11 -
b11 ;
b0 3
b0 C
b1101100001100000000010111011110110111111011001011100000000000000 H
b1101100001100000000010111011110110111111011001011100000000000000 S
b11011 2
b11011 B
b110010010111010000011111100100100101000100000111011000101010001 b
b1011100 f
b11110110 d
b1011101111011011 e
b1111000 a
b100110110100101011001001001 `
b101 i
b11 c
b0 h
b11011 g
b1100 j
b1001101 k
b111101001 7
#115000
0>
b110100100000001101100010111100010111101010000100001110000000000 "
b110100100000001101100010111100010111101010000100001110000000000 <
b111110100101010010001011111101010100010111001100010000001000101 %
b111110100101010010001011111101010100010111001100010000001000101 K
b1101100010111100010111101010000100001110000000000 E
b110100100000001101100010111100010111101010000100001110000000000 T
b110100100000001101100010111100010111101010000100001110000000000 =
b111110100101010010001011111101010100010111001100010000001000101 ,
b111110100101010010001011111101010100010111001100010000001000101 :
b111110100101010010001011111101010100010111001100010000001000101 R
b1100 1
b1100 A
b1110011 /
b1110011 ?
b11011101001010100111001100001100000000000000 G
b1101110100101010 0
b1101110100101010 @
b1110 *
b1110 9
b101111000101111010100001 )
b101111000101111010100001 8
b1101100010111100010111101010000100001110000000000 F
b11011 4
b11011 D
b0 -
b0 ;
b1 3
b1 C
b110100100000001101100010111100010111101010000100001110000000000 H
b110100100000001101100010111100010111101010000100001110000000000 S
b1101 2
b1101 B
b111110100101010010001011111101010100010111001100010000001000101 b
b1100 f
b1110011 d
b1101110100101010 e
b1110 a
b101111000101111010100001 `
b11011 i
b0 c
b1 h
b1101 g
b111 j
b1001110 k
b111101110 7
#116000
1$
1M
1Y
b100110000110001100100110100001000001011000001110110011000000000 "
b100110000110001100100110100001000001011000001110110011000000000 <
b1011100101000110000101000111001011111111010011110011110011111110 %
b1011100101000110000101000111001011111111010011110011110011111110 K
b1100100110100001000001011000001110110011000000000 E
b100110000100001100100110100001000001011000001110110011000000000 T
b100110000110001100100110100001000001011000001110110011000000000 =
b1011100101000110000101000111001011111111010011110011110011111110 ,
b1011100101000110000101000111001011111111010011110011110011111110 :
b1011100101000110000101000111001011111111010011110011110011111110 R
b1110101 1
b1110101 A
b11110100 /
b11110100 ?
b1000010011111001111010001110101000000000000 G
b100001001111100 0
b100001001111100 @
b10110011 *
b10110011 9
b1101000010000010110000011 )
b1101000010000010110000011 8
b1100100110100001000001011000001110110011000000000 F
b11001 4
b11001 D
b1 -
b1 ;
b100 3
b100 C
b100110000100001100100110100001000001011000001110110011000000000 H
b100110000100001100100110100001000001011000001110110011000000000 S
b1001 2
b1001 B
b1011100101000110000101000111001011111111010011110011110011111110 b
b1110101 f
b11110100 d
b100001001111100 e
b10110011 a
b1101000010000010110000011 `
b11001 i
b1 c
b100 h
b1001 g
b101 j
b1001111 k
b111110011 7
#117000
0$
0M
0Y
b110000101000001010110001010101111100100110100000000101000000000 "
b110000101000001010110001010101111100100110100000000101000000000 <
b0 %
b0 K
b1010110001010101111100100110100000000101000000000 E
0!
0I
b110000101000001010110001010101111100100110100000000101000000000 T
b110000101000001010110001010101111100100110100000000101000000000 =
b100001101000110000011011000011001111000001000110010000111110000 ,
b100001101000110000011011000011001111000001000110010000111110000 :
b100001101000110000011011000011001111000001000110010000111110000 R
b10 1
b10 A
b1001110 /
b1001110 ?
b10101010011011110100111000000010000000000000 G
b1010101001101111 0
b1010101001101111 @
b101 *
b101 9
b100010101011111001001101000 )
b100010101011111001001101000 8
b1010110001010101111100100110100000000101000000000 F
b10101 4
b10101 D
b10 -
b10 ;
b1 3
b1 C
b110000101000001010110001010101111100100110100000000101000000000 H
b110000101000001010110001010101111100100110100000000101000000000 S
b1100 2
b1100 B
b100001101000110000011011000011001111000001000110010000111110000 b
b10 f
b1001110 d
b1010101001101111 e
b101 a
b100010101011111001001101000 `
b10101 i
b10 c
b1 h
b1100 g
b110 j
b1010000 k
b111111000 7
#118000
0$
0M
0Y
1>
b1001000010100000000010010001010000001001000011110101000000000000 "
b1001000010100000000010010001010000001001000011110101000000000000 <
b10010001010000001001000011110101000000000000 E
b1001000010100000000010010001010000001001000011110101000000000000 T
b1001000010100000000010010001010000001001000011110101000000000000 =
b1001010000001001011101100010100001111011000011011010100111110110 ,
b1001010000001001011101100010100001111011000011011010100111110110 :
b1001010000001001011101100010100001111011000011011010100111110110 R
b11110101 1
b11110101 A
b10010000 /
b10010000 ?
b10010001010000001001000011110101000000000000 G
b1001000101000000 0
b1001000101000000 @
b11101000 *
b11101000 9
b100011100011001011100111000 )
b100011100011001011100111000 8
b111110001110001100101110011100011101000000000000 F
b1111 4
b1111 D
b101 -
b101 ;
b0 3
b0 C
b1001000010100000000010010001010000001001000011110101000000000000 H
b1001000010100000000010010001010000001001000011110101000000000000 S
b10010 2
b10010 B
b1001010000001001011101100010100001111011000011011010100111110110 b
b11110101 f
b10010000 d
b1001000101000000 e
b11101000 a
b100011100011001011100111000 `
b1111 i
b101 c
b0 h
b10010 g
b1011 j
b1010001 k
b111111101 7
0_
#119000
b11101001100010010111110111010000011100110111100111000100111001 %
b11101001100010010111110111010000011100110111100111000100111001 K
0>
b101100010000010101010111111000110101100010100001101000000000 "
b101100010000010101010111111000110101100010100001101000000000 <
b10101010111111000110101100010100001101000000000 E
1!
1I
1$
1M
1Y
b101100000000010101010111111000110101100010100001101000000000 T
b101100010000010101010111111000110101100010100001101000000000 =
b11101001100010010111110111010000011100110111100111000100111001 ,
b11101001100010010111110111010000011100110111100111000100111001 :
b11101001100010010111110111010000011100110111100111000100111001 R
b101101 1
b101101 A
b1110000 /
b1110000 ?
b110001110000000111000000101101000000000000 G
b11000111000000 0
b11000111000000 @
b1101 *
b1101 9
b10101111110001101011000101 )
b10101111110001101011000101 8
b10101010111111000110101100010100001101000000000 F
b101 4
b101 D
b0 -
b0 ;
b11 3
b11 C
b101100000000010101010111111000110101100010100001101000000000 H
b101100000000010101010111111000110101100010100001101000000000 S
b1 2
b1 B
b11101001100010010111110111010000011100110111100111000100111001 b
b101101 f
b1110000 d
b11000111000000 e
b1101 a
b10101111110001101011000101 `
b101 i
b0 c
b11 h
b1 g
b1 j
b1010010 k
b1000000010 7
#120000
b110000011000000000001101010011010101011000001010000000000000 "
b110000011000000000001101010011010101011000001010000000000000 <
b1010100100001100100110010101000110001001001001101001101100010 %
b1010100100001100100110010101000110001001001001101001101100010 K
1#
1J
1W
b1101010011010101011000001010000000000000 E
1$
1M
1Y
b110000000000000000001101010011010101011000001010000000000000 T
b110000010000000000001101010011010101011000001010000000000000 =
b1010100100001100100110010101000110001001001001101001101100010 ,
b1010100100001100100110010101000110001001001001101001101100010 :
b1010100100001100100110010101000110001001001001101001101100010 R
b1001101 1
b1001101 A
b10100001 /
b10100001 ?
b10000111001111001010000101001101000000000000 G
b1000011100111100 0
b1000011100111100 @
b1010000 *
b1010000 9
b11010100110101010110000 )
b11010100110101010110000 8
b1101010011010101011000001010000000000000 F
b0 4
b0 D
b110000000000000000001101010011010101011000001010000000000000 H
b110000000000000000001101010011010101011000001010000000000000 S
b100 3
b100 C
b1010100100001100100110010101000110001001001001101001101100010 b
b1001101 f
b10100001 d
b1000011100111100 e
b1010000 a
b11010100110101010110000 `
b0 i
b100 h
b1010011 k
b1000000111 7
1_
#121000
b110010110110001010001011101100001101010001010101101010000000000 "
b110010110110001010001011101100001101010001010101101010000000000 <
b0 %
b0 K
0#
0J
0W
b1010001011101100001101010001010101101010000000000 E
0!
0I
b110010110100001010001011101100001101010001010101101010000000000 T
b110010110110001010001011101100001101010001010101101010000000000 =
b101111100010100111010001011110100001100010111110111001000011 ,
b101111100010100111010001011110100001100010111110111001000011 :
b101111100010100111010001011110100001100010111110111001000011 R
b10111000 1
b10111000 A
b10111100 /
b10111100 ?
b1001110111000011011110010111000000000000000 G
b100111011100001 0
b100111011100001 @
b1101010 *
b1101010 9
b10111011000011010100010101 )
b10111011000011010100010101 8
b1010001011101100001101010001010101101010000000000 F
b10100 4
b10100 D
b101 -
b101 ;
b101 3
b101 C
b110010110100001010001011101100001101010001010101101010000000000 H
b110010110100001010001011101100001101010001010101101010000000000 S
b1100 2
b1100 B
b101111100010100111010001011110100001100010111110111001000011 b
b10111000 f
b10111100 d
b100111011100001 e
b1101010 a
b10111011000011010100010101 `
b10100 i
b101 c
b101 h
b1100 g
b110 j
b1010100 k
b1000001100 7
#122000
0$
0M
0Y
b100001011000000011110010110101111000111100100110010011000000000 "
b100001011000000011110010110101111000111100100110010011000000000 <
b11110010110101111000111100100110010011000000000 E
b100001011000000011110010110101111000111100100110010011000000000 T
b100001011000000011110010110101111000111100100110010011000000000 =
b1001010010111110010110010010101100000111101101001110111000001 ,
b1001010010111110010110010010101100000111101101001110111000001 :
b1001010010111110010110010010101100000111101101001110111000001 R
b10110111 1
b10110111 A
b1010101 /
b1010101 ?
b100100001100101010110110111000000000000 G
b10010000110 0
b10010000110 @
b10010011 *
b10010011 9
b100101101011110001111001001 )
b100101101011110001111001001 8
b11110010110101111000111100100110010011000000000 F
b111 4
b111 D
b110 -
b110 ;
b10 3
b10 C
b100001011000000011110010110101111000111100100110010011000000000 H
b100001011000000011110010110101111000111100100110010011000000000 S
b1000 2
b1000 B
b1001010010111110010110010010101100000111101101001110111000001 b
b10110111 f
b1010101 d
b10010000110 e
b10010011 a
b100101101011110001111001001 `
b111 i
b110 c
b10 h
b1000 g
b100 j
b1010101 k
b1000010001 7
0_
#123000
1$
1M
1Y
b1000001100110000011011010011101101000101000110101101000000000000 "
b1000001100110000011011010011101101000101000110101101000000000000 <
b11011010011101101000101000110101101000000000000 E
b1000001100100000011011010011101101000101000110101101000000000000 T
b1000001100110000011011010011101101000101000110101101000000000000 =
b1111010110001001110000011100010110010110110111101100101100 ,
b1111010110001001110000011100010110010110110111101100101100 :
b1111010110001001110000011100010110010110110111101100101100 R
b10010000 1
b10010000 A
b11110 /
b11110 ?
b11100010010110100001111010010000000000000000 G
b1110001001011010 0
b1110001001011010 @
b1101000 *
b1101000 9
b110100111011010001010001101 )
b110100111011010001010001101 8
b11011010011101101000101000110101101000000000000 F
b110 4
b110 D
b1 -
b1 ;
b11 3
b11 C
b1000001100100000011011010011101101000101000110101101000000000000 H
b1000001100100000011011010011101101000101000110101101000000000000 S
b10000 2
b10000 B
b1111010110001001110000011100010110010110110111101100101100 b
b10010000 f
b11110 d
b1110001001011010 e
b1101000 a
b110100111011010001010001101 `
b110 i
b1 c
b11 h
b10000 g
b1000 j
b1010110 k
b1000010110 7
#124000
b1000010000100000101111000001010010111010000110011010000000000000 "
b1000010000100000101111000001010010111010000110011010000000000000 <
b101111000001010010111010000110011010000000000000 E
0$
0M
0Y
b1000010000100000101111000001010010111010000110011010000000000000 T
b1000010000100000101111000001010010111010000110011010000000000000 =
b1001110111100001011111000011101101011011011000001110010110110110 ,
b1001110111100001011111000011101101011011011000001110010110110110 :
b1001110111100001011111000011101101011011011000001110010110110110 R
b11011000 1
b11011000 A
b1101111 /
b1101111 ?
b11100110011100010110111111011000000000000000 G
b1110011001110001 0
b1110011001110001 @
b11010000 *
b11010000 9
b110000010100101110100001100 )
b110000010100101110100001100 8
b101111000001010010111010000110011010000000000000 F
b1011 4
b1011 D
b1000010000100000101111000001010010111010000110011010000000000000 H
b1000010000100000101111000001010010111010000110011010000000000000 S
b100 3
b100 C
b1001110111100001011111000011101101011011011000001110010110110110 b
b11011000 f
b1101111 d
b1110011001110001 e
b11010000 a
b110000010100101110100001100 `
b1011 i
b100 h
b1010111 k
b1000011011 7
#125000
b1010111001111000010110000101110000101010101110001111011101010101 %
b1010111001111000010110000101110000101010101110001111011101010101 K
b110101100001110001111011111110000101111011111011100000000000 "
b110101100001110001111011111110000101111011111011100000000000 <
b1110001111011111110000101111011111011100000000000 E
1!
1I
b110101100001110001111011111110000101111011111011100000000000 T
b110101100001110001111011111110000101111011111011100000000000 =
b1010111001111000010110000101110000101010101110001111011101010101 ,
b1010111001111000010110000101110000101010101110001111011101010101 :
b1010111001111000010110000101110000101010101110001111011101010101 R
b11001 1
b11001 A
b10100100 /
b10100100 ?
b11001110100111101010010000011001000000000000 G
b1100111010011110 0
b1100111010011110 @
b11011100 *
b11011100 9
b11110111111100001011110111 )
b11110111111100001011110111 8
b1110001111011111110000101111011111011100000000000 F
b11100 4
b11100 D
b11 -
b11 ;
b101 3
b101 C
b110101100001110001111011111110000101111011111011100000000000 H
b110101100001110001111011111110000101111011111011100000000000 S
b1 2
b1 B
b1010111001111000010110000101110000101010101110001111011101010101 b
b11001 f
b10100100 d
b1100111010011110 e
b11011100 a
b11110111111100001011110111 `
b11100 i
b11 c
b101 h
b1 g
b1 j
b1011000 k
b1000100000 7
#126000
b1100111001101001100000000101010001110100010000011000100000000000 "
b1100111001101001100000000101010001110100010000011000100000000000 <
b11100101100000000010010111001011011010001111011000110010110100 %
b11100101100000000010010111001011011010001111011000110010110100 K
1#
1J
1W
b1100000000101010001110100010000011000100000000000 E
b1100111001100001100000000101010001110100010000011000100000000000 T
b1100111001100001100000000101010001110100010000011000100000000000 =
b11100101100000000010010111001011011010001111011000110010110100 ,
b11100101100000000010010111001011011010001111011000110010110100 :
b11100101100000000010010111001011011010001111011000110010110100 R
b110 1
b110 A
b1011100 /
b1011100 ?
b10010101000000101110000000110000000000000 G
b1001010100000 0
b1001010100000 @
b11000100 *
b11000100 9
b1010100011101000100000 )
b1010100011101000100000 8
b1100000000101010001110100010000011000100000000000 F
b11000 4
b11000 D
b110 3
b110 C
b1100111001100001100000000101010001110100010000011000100000000000 H
b1100111001100001100000000101010001110100010000011000100000000000 S
b11001 2
b11001 B
b11100101100000000010010111001011011010001111011000110010110100 b
b110 f
b1011100 d
b1001010100000 e
b11000100 a
b1010100011101000100000 `
b11000 i
b110 h
b11001 g
b1010 j
b1011001 k
b1000100101 7
1_
#127000
b10100010100000101011010001010111101011101110100011010000000000 "
b10100010100000101011010001010111101011101110100011010000000000 <
b10010110110000100110010100101110111100110011000100001001111001 %
b10010110110000100110010100101110111100110011000100001001111001 K
0#
0J
0W
b101011010001010111101011101110100011010000000000 E
0$
0M
0Y
b10100010100000101011010001010111101011101110100011010000000000 T
b10100010100000101011010001010111101011101110100011010000000000 =
b10010110110000100110010100101110111100110011000100001001111001 ,
b10010110110000100110010100101110111100110011000100001001111001 :
b10010110110000100110010100101110111100110011000100001001111001 R
b10110010 1
b10110010 A
b11000011 /
b11000011 ?
b11110000000011011100001110110010000000000000 G
b1111000000001101 0
b1111000000001101 @
b11010 *
b11010 9
b110100010101111010111011101 )
b110100010101111010111011101 8
b101011010001010111101011101110100011010000000000 F
b1010 4
b1010 D
b101 -
b101 ;
b0 3
b0 C
b10100010100000101011010001010111101011101110100011010000000000 H
b10100010100000101011010001010111101011101110100011010000000000 S
b101 2
b101 B
b10010110110000100110010100101110111100110011000100001001111001 b
b10110010 f
b11000011 d
b1111000000001101 e
b11010 a
b110100010101111010111011101 `
b1010 i
b101 c
b0 h
b101 g
b11 j
b1011010 k
b1000101010 7
#128000
b110000101100000101111101100011110110101001111011111000000000000 "
b110000101100000101111101100011110110101001111011111000000000000 <
b0 %
b0 K
b101111101100011110110101001111011111000000000000 E
0!
0I
0$
0M
0Y
b110000101100000101111101100011110110101001111011111000000000000 T
b110000101100000101111101100011110110101001111011111000000000000 =
b1011110111100000110100100111101101000111111000100111001110001111 ,
b1011110111100000110100100111101101000111111000100111001110001111 :
b1011110111100000110100100111101101000111111000100111001110001111 R
b10001001 1
b10001001 A
b11110010 /
b11110010 ?
b1100100111111011111001010001001000000000000 G
b110010011111101 0
b110010011111101 @
b11111000 *
b11111000 9
b111011000111101101010011110 )
b111011000111101101010011110 8
b101111101100011110110101001111011111000000000000 F
b1011 4
b1011 D
b11 -
b11 ;
b1 3
b1 C
b110000101100000101111101100011110110101001111011111000000000000 H
b110000101100000101111101100011110110101001111011111000000000000 S
b1100 2
b1100 B
b1011110111100000110100100111101101000111111000100111001110001111 b
b10001001 f
b11110010 d
b110010011111101 e
b11111000 a
b111011000111101101010011110 `
b1011 i
b11 c
b1 h
b1100 g
b110 j
b1011011 k
b1000101111 7
#129000
b111010010010010000110001110101011000111110010011110110110001 %
b111010010010010000110001110101011000111110010011110110110001 K
1#
1J
1W
b1000101110111000100000111000011100110100000001100100101000000000 "
b1000101110111000100000111000011100110100000001100100101000000000 <
b100000111000011100110100000001100100101000000000 E
1!
1I
1$
1M
1Y
b1000101110100000100000111000011100110100000001100100101000000000 T
b1000101110110000100000111000011100110100000001100100101000000000 =
b111010010010010000110001110101011000111110010011110110110001 ,
b111010010010010000110001110101011000111110010011110110110001 :
b111010010010010000110001110101011000111110010011110110110001 R
b10101011 1
b10101011 A
b11001111 /
b11001111 ?
b101001111000111100111110101011000000000000 G
b10100111100011 0
b10100111100011 @
b100101 *
b100101 9
b1110000111001101000000011 )
b1110000111001101000000011 8
b100000111000011100110100000001100100101000000000 F
b1000 4
b1000 D
b101 -
b101 ;
b11 3
b11 C
b1000101110100000100000111000011100110100000001100100101000000000 H
b1000101110100000100000111000011100110100000001100100101000000000 S
b10001 2
b10001 B
b111010010010010000110001110101011000111110010011110110110001 b
b10101011 f
b11001111 d
b10100111100011 e
b100101 a
b1110000111001101000000011 `
b1000 i
b101 c
b11 h
b10001 g
b1001 j
b1011100 k
b1000110100 7
0_
#130000
0#
0J
0W
b10110000001001000010001100111110100010000000100000000000 "
b10110000001001000010001100111110100010000000100000000000 <
b0 %
b0 K
b1001000010001100111110100010000000100000000000 E
0!
0I
b10100000001001000010001100111110100010000000100000000000 T
b10110000001001000010001100111110100010000000100000000000 =
b1111000000011101001101001110000011110110101000010111100011101101 ,
b1111000000011101001101001110000011110110101000010111100011101101 :
b1111000000011101001101001110000011110110101000010111100011101101 R
b110110 1
b110110 A
b1010111 /
b1010111 ?
b10111100100101010101011100110110000000000000 G
b1011110010010101 0
b1011110010010101 @
b100 *
b100 9
b10000100011001111101000100 )
b10000100011001111101000100 8
b1001000010001100111110100010000000100000000000 F
b10 4
b10 D
b0 3
b0 C
b10100000001001000010001100111110100010000000100000000000 H
b10100000001001000010001100111110100010000000100000000000 S
b0 2
b0 B
b1111000000011101001101001110000011110110101000010111100011101101 b
b110110 f
b1010111 d
b1011110010010101 e
b100 a
b10000100011001111101000100 `
b10 i
b0 h
b0 g
b0 j
b1011101 k
b1000111001 7
1_
#131000
b100011011011100101101111000110110101001010111111100010001010010 %
b100011011011100101101111000110110101001010111111100010001010010 K
b110100110000001011000101111010000101010101001010101010000000000 "
b110100110000001011000101111010000101010101001010101010000000000 <
b1011000101111010000101010101001010101010000000000 E
1!
1I
0$
0M
0Y
b110100110000001011000101111010000101010101001010101010000000000 T
b110100110000001011000101111010000101010101001010101010000000000 =
b100011011011100101101111000110110101001010111111100010001010010 ,
b100011011011100101101111000110110101001010111111100010001010010 :
b100011011011100101101111000110110101001010111111100010001010010 R
b101110 1
b101110 A
b11000000 /
b11000000 ?
b1011011111110001100000000101110000000000000 G
b101101111111000 0
b101101111111000 @
b10101010 *
b10101010 9
b1011110100001010101010010 )
b1011110100001010101010010 8
b1011000101111010000101010101001010101010000000000 F
b10110 4
b10110 D
b100 -
b100 ;
b1 3
b1 C
b110100110000001011000101111010000101010101001010101010000000000 H
b110100110000001011000101111010000101010101001010101010000000000 S
b1101 2
b1101 B
b100011011011100101101111000110110101001010111111100010001010010 b
b101110 f
b11000000 d
b101101111111000 e
b10101010 a
b1011110100001010101010010 `
b10110 i
b100 c
b1 h
b1101 g
b111 j
b1011110 k
b1000111110 7
0_
#132000
b1100100101100001110001000011001111001111000010011011100000000000 "
b1100100101100001110001000011001111001111000010011011100000000000 <
b1100011000111010100100101000110001001000010010000111110110010000 %
b1100011000111010100100101000110001001000010010000111110110010000 K
b1110001000011001111001111000010011011100000000000 E
0$
0M
0Y
b1100100101100001110001000011001111001111000010011011100000000000 T
b1100100101100001110001000011001111001111000010011011100000000000 =
b1100011000111010100100101000110001001000010010000111110110010000 ,
b1100011000111010100100101000110001001000010010000111110110010000 :
b1100011000111010100100101000110001001000010010000111110110010000 R
b11000001 1
b11000001 A
b10111 /
b10111 ?
b11111101010001100001011111000001000000000000 G
b1111110101000110 0
b1111110101000110 @
b11011100 *
b11011100 9
b10000110011110011110000100 )
b10000110011110011110000100 8
b1110001000011001111001111000010011011100000000000 F
b11100 4
b11100 D
b11 -
b11 ;
b1100100101100001110001000011001111001111000010011011100000000000 H
b1100100101100001110001000011001111001111000010011011100000000000 S
b11001 2
b11001 B
b1100011000111010100100101000110001001000010010000111110110010000 b
b11000001 f
b10111 d
b1111110101000110 e
b11011100 a
b10000110011110011110000100 `
b11100 i
b11 c
b11001 g
b1010 j
b1011111 k
b1001000011 7
1_
#133000
1>
b1101110100100000000001100001011010101011000011010011000000000000 "
b1101110100100000000001100001011010101011000011010011000000000000 <
b100001001111011010101111000010011010101010110111011110010101010 %
b100001001111011010101111000010011010101010110111011110010101010 K
b1100001011010101011000011010011000000000000 E
0$
0M
0Y
b1101110100100000000001100001011010101011000011010011000000000000 T
b1101110100100000000001100001011010101011000011010011000000000000 =
b100001001111011010101111000010011010101010110111011110010101010 ,
b100001001111011010101111000010011010101010110111011110010101010 :
b100001001111011010101111000010011010101010110111011110010101010 R
b11010011 1
b11010011 A
b10110000 /
b10110000 ?
b1100001011010101011000011010011000000000000 G
b110000101101010 0
b110000101101010 @
b10111111 *
b10111111 9
b11111010101100000100010111 )
b11111010101100000100010111 8
b111101111101010110000010001011110111111000000000 F
b1111 4
b1111 D
b1 -
b1 ;
b101 3
b101 C
b1101110100100000000001100001011010101011000011010011000000000000 H
b1101110100100000000001100001011010101011000011010011000000000000 S
b11011 2
b11011 B
b100001001111011010101111000010011010101010110111011110010101010 b
b11010011 f
b10110000 d
b110000101101010 e
b10111111 a
b11111010101100000100010111 `
b1111 i
b1 c
b101 h
b11011 g
b1100 j
b1100000 k
b1001001000 7
#134000
0>
b100101001010001000111001101111000011110111110011010111000000000 "
b100101001010001000111001101111000011110111110011010111000000000 <
b101110101001010010011011011101011000101101000010110000010001011 %
b101110101001010010011011011101011000101101000010110000010001011 K
b1000111001101111000011110111110011010111000000000 E
1$
1M
1Y
b100101001000001000111001101111000011110111110011010111000000000 T
b100101001010001000111001101111000011110111110011010111000000000 =
b101110101001010010011011011101011000101101000010110000010001011 ,
b101110101001010010011011011101011000101101000010110000010001011 :
b101110101001010010011011011101011000101101000010110000010001011 R
b11110001 1
b11110001 A
b1110 /
b1110 ?
b10011000000000111011110001000000000000 G
b1001100000 0
b1001100000 @
b11010111 *
b11010111 9
b110011011110000111101111100 )
b110011011110000111101111100 8
b1000111001101111000011110111110011010111000000000 F
b10001 4
b10001 D
b10 -
b10 ;
b10 3
b10 C
b100101001000001000111001101111000011110111110011010111000000000 H
b100101001000001000111001101111000011110111110011010111000000000 S
b1001 2
b1001 B
b101110101001010010011011011101011000101101000010110000010001011 b
b11110001 f
b1110 d
b1001100000 e
b11010111 a
b110011011110000111101111100 `
b10001 i
b10 c
b10 h
b1001 g
b101 j
b1100001 k
b1001001101 7
#135000
1>
b1001010110010000000000011110001001010010101001100101000000000000 "
b1001010110010000000000011110001001010010101001100101000000000000 <
b0 %
b0 K
b11110001001010010101001100101000000000000 E
0!
0I
1$
1M
1Y
b1001010110000000000000011110001001010010101001100101000000000000 T
b1001010110010000000000011110001001010010101001100101000000000000 =
b1100100000101100000110011001011010001000001010000010010100010 ,
b1100100000101100000110011001011010001000001010000010010100010 :
b1100100000101100000110011001011010001000001010000010010100010 R
b1100101 1
b1100101 A
b101010 /
b101010 ?
b11110001001010010101001100101000000000000 G
b1111000100101 0
b1111000100101 @
b11101100 *
b11101100 9
b11000111011111111010100110 )
b11000111011111111010100110 8
b1100001100011101111111101010011011101100000000000 F
b11000 4
b11000 D
b100 -
b100 ;
b101 3
b101 C
b1001010110000000000000011110001001010010101001100101000000000000 H
b1001010110000000000000011110001001010010101001100101000000000000 S
b10010 2
b10010 B
b1100100000101100000110011001011010001000001010000010010100010 b
b1100101 f
b101010 d
b1111000100101 e
b11101100 a
b11000111011111111010100110 `
b11000 i
b100 c
b101 h
b10010 g
b1011 j
b1100010 k
b1001010010 7
#136000
0$
0M
0Y
b1001111011001001110000000011110100100101111100100000001101001011 %
b1001111011001001110000000011110100100101111100100000001101001011 K
0>
b110101111000001110110010001111011111000100100100111110000000000 "
b110101111000001110110010001111011111000100100100111110000000000 <
b1110110010001111011111000100100100111110000000000 E
1!
1I
b110101111000001110110010001111011111000100100100111110000000000 T
b110101111000001110110010001111011111000100100100111110000000000 =
b1001111011001001110000000011110100100101111100100000001101001011 ,
b1001111011001001110000000011110100100101111100100000001101001011 :
b1001111011001001110000000011110100100101111100100000001101001011 R
b1110100 1
b1110100 A
b11101000 /
b11101000 ?
b10110000000101001110100001110100000000000000 G
b1011000000010100 0
b1011000000010100 @
b111110 *
b111110 9
b100100011110111110001001001 )
b100100011110111110001001001 8
b1110110010001111011111000100100100111110000000000 F
b11101 4
b11101 D
b110 -
b110 ;
b11 3
b11 C
b110101111000001110110010001111011111000100100100111110000000000 H
b110101111000001110110010001111011111000100100100111110000000000 S
b1101 2
b1101 B
b1001111011001001110000000011110100100101111100100000001101001011 b
b1110100 f
b11101000 d
b1011000000010100 e
b111110 a
b100100011110111110001001001 `
b11101 i
b110 c
b11 h
b1101 g
b111 j
b1100011 k
b1001010111 7
0_
#137000
b1100100 k
b1001011100 7
1_
