#! /usr/bin/vvp
:ivl_version "12.0 (stable)";
:ivl_delay_selection "TYPICAL";
:vpi_time_precision - 12;
:vpi_module "/usr/lib/x86_64-linux-gnu/ivl/system.vpi";
:vpi_module "/usr/lib/x86_64-linux-gnu/ivl/vhdl_sys.vpi";
:vpi_module "/usr/lib/x86_64-linux-gnu/ivl/vhdl_textio.vpi";
:vpi_module "/usr/lib/x86_64-linux-gnu/ivl/v2005_math.vpi";
:vpi_module "/usr/lib/x86_64-linux-gnu/ivl/va_math.vpi";
:vpi_module "/usr/lib/x86_64-linux-gnu/ivl/v2009.vpi";
S_0x591e2775a150 .scope package, "$unit" "$unit" 2 1;
 .timescale 0 0;
S_0x591e27754b80 .scope module, "tb_lphy_sb_pkt_enc" "tb_lphy_sb_pkt_enc" 3 45;
 .timescale -9 -12;
P_0x591e27774830 .param/l "CP_MASK" 1 3 74, C4<0000000000010000000000000000000000000000000000000000000000000000>;
P_0x591e27774870 .param/l "DP_MASK" 1 3 75, C4<0000000000001000000000000000000000000000000000000000000000000000>;
P_0x591e277748b0 .param/l "PARITY_CLEAR_MASK" 1 3 76, C4<1111111111100111111111111111111111111111111111111111111111111111>;
v0x591e277ddc30_0 .var "addr", 26 0;
v0x591e277ddd40_0 .var "be", 7 0;
v0x591e277dde10_0 .var "cr", 0 0;
v0x591e277ddf10_0 .var "data_in", 63 0;
v0x591e277ddfb0_0 .net "data_out", 63 0, L_0x591e277f1140;  1 drivers
v0x591e277de0a0_0 .var "dstid", 2 0;
v0x591e277de140_0 .net "enc_cp_out", 0 0, L_0x591e277f1340;  1 drivers
v0x591e277de210_0 .net "enc_dp_out", 0 0, L_0x591e277f1490;  1 drivers
v0x591e277de2e0_0 .var "ep", 0 0;
v0x591e277de3b0_0 .var/2s "fail_count", 31 0;
v0x591e277de450_0 .var/2s "fc_snap", 31 0;
v0x591e277de4f0_0 .net "hdr_out", 63 0, L_0x591e277f0fe0;  1 drivers
v0x591e277de5c0_0 .var "msgcode", 7 0;
v0x591e277de690_0 .var "msginfo", 15 0;
v0x591e277de760_0 .var "msgsubcode", 7 0;
v0x591e277de830_0 .var "opcode", 4 0;
v0x591e277de900_0 .var/2s "pass_count", 31 0;
v0x591e277de9c0_0 .var "srcid", 2 0;
v0x591e277deab0_0 .var "tag", 4 0;
v0x591e277deb80_0 .net "two_frame_pkt", 0 0, L_0x591e277f12d0;  1 drivers
S_0x591e277543e0 .scope autotask, "apply_all" "apply_all" 3 141, 3 141 0, S_0x591e27754b80;
 .timescale -9 -12;
v0x591e277509e0_0 .var "ad", 26 0;
v0x591e277d2c60_0 .var "b", 7 0;
v0x591e277d2d40_0 .var "c_r", 0 0;
v0x591e277d2de0_0 .var "dat", 63 0;
v0x591e277d2ec0_0 .var "di", 2 0;
v0x591e277d2ff0_0 .var "ep_i", 0 0;
v0x591e277d30b0_0 .var "mc", 7 0;
v0x591e277d3190_0 .var "mi", 15 0;
v0x591e277d3270_0 .var "ms", 7 0;
v0x591e277d3350_0 .var "op", 4 0;
v0x591e277d3430_0 .var "si", 2 0;
v0x591e277d3510_0 .var "tg", 4 0;
TD_tb_lphy_sb_pkt_enc.apply_all ;
    %load/vec4 v0x591e277d3350_0;
    %store/vec4 v0x591e277de830_0, 0, 5;
    %load/vec4 v0x591e277d3430_0;
    %store/vec4 v0x591e277de9c0_0, 0, 3;
    %load/vec4 v0x591e277d2ec0_0;
    %store/vec4 v0x591e277de0a0_0, 0, 3;
    %load/vec4 v0x591e277d2d40_0;
    %store/vec4 v0x591e277dde10_0, 0, 1;
    %load/vec4 v0x591e277d2ff0_0;
    %store/vec4 v0x591e277de2e0_0, 0, 1;
    %load/vec4 v0x591e277d3510_0;
    %store/vec4 v0x591e277deab0_0, 0, 5;
    %load/vec4 v0x591e277509e0_0;
    %store/vec4 v0x591e277ddc30_0, 0, 27;
    %load/vec4 v0x591e277d2c60_0;
    %store/vec4 v0x591e277ddd40_0, 0, 8;
    %load/vec4 v0x591e277d3190_0;
    %store/vec4 v0x591e277de690_0, 0, 16;
    %load/vec4 v0x591e277d30b0_0;
    %store/vec4 v0x591e277de5c0_0, 0, 8;
    %load/vec4 v0x591e277d3270_0;
    %store/vec4 v0x591e277de760_0, 0, 8;
    %load/vec4 v0x591e277d2de0_0;
    %store/vec4 v0x591e277ddf10_0, 0, 64;
    %delay 1000, 0;
    %end;
S_0x591e277547b0 .scope begin, "blk_g" "blk_g" 3 481, 3 481 0, S_0x591e27754b80;
 .timescale -9 -12;
v0x591e277d38f0_0 .var "exp_hd", 0 0;
v0x591e277d39d0_0 .var/2s "idx", 31 0;
v0x591e277d3ab0_0 .var "r_ad", 26 0;
v0x591e277d3b70_0 .var "r_be", 7 0;
v0x591e277d3c50_0 .var "r_dat", 63 0;
v0x591e277d3d80_0 .var "r_di", 2 0;
v0x591e277d3e60_0 .var "r_mc", 7 0;
v0x591e277d3f40_0 .var "r_mi", 15 0;
v0x591e277d4020_0 .var "r_ms", 7 0;
v0x591e277d4100_0 .var "r_op", 4 0;
v0x591e277d41e0_0 .var "r_si", 2 0;
v0x591e277d42c0_0 .var "r_tg", 4 0;
v0x591e277d43a0 .array "valid_ops", 12 0, 4 0;
S_0x591e277d3610 .scope begin, "$ivl_for_loop0" "$ivl_for_loop0" 3 505, 3 505 0, S_0x591e277547b0;
 .timescale -9 -12;
v0x591e277d37f0_0 .var/2s "i", 31 0;
S_0x591e277d4460 .scope autotask, "chk1" "chk1" 3 158, 3 158 0, S_0x591e27754b80;
 .timescale -9 -12;
v0x591e277d45f0_0 .var "exp", 0 0;
v0x591e277d46b0_0 .var "got", 0 0;
v0x591e277d4770_0 .var/str "lbl";
TD_tb_lphy_sb_pkt_enc.chk1 ;
    %load/vec4 v0x591e277d46b0_0;
    %load/vec4 v0x591e277d45f0_0;
    %cmp/ne;
    %jmp/0xz  T_1.0, 6;
    %vpi_call/w 3 160 "$display", "  FAIL [%s] got=%b expected=%b", v0x591e277d4770_0, v0x591e277d46b0_0, v0x591e277d45f0_0 {0 0 0};
    ; show_stmt_assign_vector: Get l-value for compressed += operand
    %load/vec4 v0x591e277de3b0_0;
    %pushi/vec4 1, 0, 32;
    %add;
    %cast2;
    %store/vec4 v0x591e277de3b0_0, 0, 32;
    %jmp T_1.1;
T_1.0 ;
    ; show_stmt_assign_vector: Get l-value for compressed += operand
    %load/vec4 v0x591e277de900_0;
    %pushi/vec4 1, 0, 32;
    %add;
    %cast2;
    %store/vec4 v0x591e277de900_0, 0, 32;
T_1.1 ;
    %end;
S_0x591e277d4810 .scope autotask, "chkN" "chkN" 3 167, 3 167 0, S_0x591e27754b80;
 .timescale -9 -12;
v0x591e277d49f0_0 .var "exp", 63 0;
v0x591e277d4af0_0 .var "got", 63 0;
v0x591e277d4bd0_0 .var/str "lbl";
v0x591e277d4c70_0 .var "mask", 63 0;
v0x591e277d4d50_0 .var/2s "width", 31 0;
TD_tb_lphy_sb_pkt_enc.chkN ;
    %load/vec4 v0x591e277d4d50_0;
    %cmpi/s 64, 0, 32;
    %flag_inv 5; GE is !LT
    %flag_mov 8, 5;
    %jmp/0 T_2.2, 8;
    %pushi/vec4 4294967295, 0, 32;
    %concati/vec4 4294967295, 0, 32;
    %jmp/1 T_2.3, 8;
T_2.2 ; End of true expr.
    %pushi/vec4 1, 0, 64;
    %load/vec4 v0x591e277d4d50_0;
    %ix/vec4 4;
    %shiftl 4;
    %subi 1, 0, 64;
    %jmp/0 T_2.3, 8;
 ; End of false expr.
    %blend;
T_2.3;
    %store/vec4 v0x591e277d4c70_0, 0, 64;
    %load/vec4 v0x591e277d4af0_0;
    %load/vec4 v0x591e277d4c70_0;
    %and;
    %load/vec4 v0x591e277d49f0_0;
    %load/vec4 v0x591e277d4c70_0;
    %and;
    %cmp/ne;
    %jmp/0xz  T_2.4, 6;
    %load/vec4 v0x591e277d4af0_0;
    %load/vec4 v0x591e277d4c70_0;
    %and;
    %load/vec4 v0x591e277d49f0_0;
    %load/vec4 v0x591e277d4c70_0;
    %and;
    %vpi_call/w 3 176 "$display", "  FAIL [%s] got=0x%0h exp=0x%0h (w=%0d)", v0x591e277d4bd0_0, S<1,vec4,u64>, S<0,vec4,u64>, v0x591e277d4d50_0 {2 0 0};
    ; show_stmt_assign_vector: Get l-value for compressed += operand
    %load/vec4 v0x591e277de3b0_0;
    %pushi/vec4 1, 0, 32;
    %add;
    %cast2;
    %store/vec4 v0x591e277de3b0_0, 0, 32;
    %jmp T_2.5;
T_2.4 ;
    ; show_stmt_assign_vector: Get l-value for compressed += operand
    %load/vec4 v0x591e277de900_0;
    %pushi/vec4 1, 0, 32;
    %add;
    %cast2;
    %store/vec4 v0x591e277de900_0, 0, 32;
T_2.5 ;
    %end;
S_0x591e277d4e80 .scope autotask, "chk_parity" "chk_parity" 3 184, 3 184 0, S_0x591e27754b80;
 .timescale -9 -12;
v0x591e277d50b0_0 .var "d", 63 0;
v0x591e277d51b0_0 .var "exp_c", 0 0;
v0x591e277d5270_0 .var "exp_d", 0 0;
v0x591e277d5310_0 .var "h", 63 0;
v0x591e277d53f0_0 .var "hd", 0 0;
v0x591e277d5500_0 .var/str "lbl";
TD_tb_lphy_sb_pkt_enc.chk_parity ;
    %alloc S_0x591e277d8640;
    %load/vec4 v0x591e277d5310_0;
    %store/vec4 v0x591e277d8820_0, 0, 64;
    %callf/vec4 TD_tb_lphy_sb_pkt_enc.ref_cp, S_0x591e277d8640;
    %free S_0x591e277d8640;
    %store/vec4 v0x591e277d51b0_0, 0, 1;
    %alloc S_0x591e277d89e0;
    %load/vec4 v0x591e277d50b0_0;
    %load/vec4 v0x591e277d53f0_0;
    %store/vec4 v0x591e277d8cc0_0, 0, 1;
    %store/vec4 v0x591e277d8bc0_0, 0, 64;
    %callf/vec4 TD_tb_lphy_sb_pkt_enc.ref_dp, S_0x591e277d89e0;
    %free S_0x591e277d89e0;
    %store/vec4 v0x591e277d5270_0, 0, 1;
    %alloc S_0x591e277d4460;
    %load/str v0x591e277d5500_0;
    %concati/str "-CP";
    %store/str v0x591e277d4770_0;
    %alloc S_0x591e277d5d40;
    %load/vec4 v0x591e277d5310_0;
    %store/vec4 v0x591e277d6000_0, 0, 64;
    %callf/vec4 TD_tb_lphy_sb_pkt_enc.ext_cp, S_0x591e277d5d40;
    %free S_0x591e277d5d40;
    %store/vec4 v0x591e277d46b0_0, 0, 1;
    %load/vec4 v0x591e277d51b0_0;
    %store/vec4 v0x591e277d45f0_0, 0, 1;
    %fork TD_tb_lphy_sb_pkt_enc.chk1, S_0x591e277d4460;
    %join;
    %free S_0x591e277d4460;
    %alloc S_0x591e277d4460;
    %load/str v0x591e277d5500_0;
    %concati/str "-DP";
    %store/str v0x591e277d4770_0;
    %alloc S_0x591e277d6510;
    %load/vec4 v0x591e277d5310_0;
    %store/vec4 v0x591e277d6780_0, 0, 64;
    %callf/vec4 TD_tb_lphy_sb_pkt_enc.ext_dp, S_0x591e277d6510;
    %free S_0x591e277d6510;
    %store/vec4 v0x591e277d46b0_0, 0, 1;
    %load/vec4 v0x591e277d5270_0;
    %store/vec4 v0x591e277d45f0_0, 0, 1;
    %fork TD_tb_lphy_sb_pkt_enc.chk1, S_0x591e277d4460;
    %join;
    %free S_0x591e277d4460;
    %end;
S_0x591e277d55c0 .scope autofunction.vec4.s27, "ext_addr" "ext_addr" 3 131, 3 131 0, S_0x591e27754b80;
 .timescale -9 -12;
; Variable ext_addr is vec4 return value of scope S_0x591e277d55c0
v0x591e277d58a0_0 .var "h", 63 0;
TD_tb_lphy_sb_pkt_enc.ext_addr ;
    %load/vec4 v0x591e277d58a0_0;
    %parti/s 27, 17, 6;
    %ret/vec4 0, 0, 27;  Assign to ext_addr (store_vec4_to_lval)
    %disable/flow S_0x591e277d55c0;
    %end;
S_0x591e277d5980 .scope autofunction.vec4.s8, "ext_be" "ext_be" 3 132, 3 132 0, S_0x591e27754b80;
 .timescale -9 -12;
; Variable ext_be is vec4 return value of scope S_0x591e277d5980
v0x591e277d5c60_0 .var "h", 63 0;
TD_tb_lphy_sb_pkt_enc.ext_be ;
    %load/vec4 v0x591e277d5c60_0;
    %parti/s 8, 9, 5;
    %ret/vec4 0, 0, 8;  Assign to ext_be (store_vec4_to_lval)
    %disable/flow S_0x591e277d5980;
    %end;
S_0x591e277d5d40 .scope autofunction.vec4.s1, "ext_cp" "ext_cp" 3 126, 3 126 0, S_0x591e27754b80;
 .timescale -9 -12;
; Variable ext_cp is vec4 return value of scope S_0x591e277d5d40
v0x591e277d6000_0 .var "h", 63 0;
TD_tb_lphy_sb_pkt_enc.ext_cp ;
    %load/vec4 v0x591e277d6000_0;
    %parti/s 1, 52, 7;
    %ret/vec4 0, 0, 1;  Assign to ext_cp (store_vec4_to_lval)
    %disable/flow S_0x591e277d5d40;
    %end;
S_0x591e277d60e0 .scope autofunction.vec4.s1, "ext_cr" "ext_cr" 3 128, 3 128 0, S_0x591e27754b80;
 .timescale -9 -12;
; Variable ext_cr is vec4 return value of scope S_0x591e277d60e0
v0x591e277d6430_0 .var "h", 63 0;
TD_tb_lphy_sb_pkt_enc.ext_cr ;
    %load/vec4 v0x591e277d6430_0;
    %parti/s 1, 50, 7;
    %ret/vec4 0, 0, 1;  Assign to ext_cr (store_vec4_to_lval)
    %disable/flow S_0x591e277d60e0;
    %end;
S_0x591e277d6510 .scope autofunction.vec4.s1, "ext_dp" "ext_dp" 3 127, 3 127 0, S_0x591e27754b80;
 .timescale -9 -12;
; Variable ext_dp is vec4 return value of scope S_0x591e277d6510
v0x591e277d6780_0 .var "h", 63 0;
TD_tb_lphy_sb_pkt_enc.ext_dp ;
    %load/vec4 v0x591e277d6780_0;
    %parti/s 1, 51, 7;
    %ret/vec4 0, 0, 1;  Assign to ext_dp (store_vec4_to_lval)
    %disable/flow S_0x591e277d6510;
    %end;
S_0x591e277d6860 .scope autofunction.vec4.s3, "ext_dstid" "ext_dstid" 3 125, 3 125 0, S_0x591e27754b80;
 .timescale -9 -12;
; Variable ext_dstid is vec4 return value of scope S_0x591e277d6860
v0x591e277d6b40_0 .var "h", 63 0;
TD_tb_lphy_sb_pkt_enc.ext_dstid ;
    %load/vec4 v0x591e277d6b40_0;
    %parti/s 3, 53, 7;
    %ret/vec4 0, 0, 3;  Assign to ext_dstid (store_vec4_to_lval)
    %disable/flow S_0x591e277d6860;
    %end;
S_0x591e277d6c20 .scope autofunction.vec4.s1, "ext_ep" "ext_ep" 3 129, 3 129 0, S_0x591e27754b80;
 .timescale -9 -12;
; Variable ext_ep is vec4 return value of scope S_0x591e277d6c20
v0x591e277d6ee0_0 .var "h", 63 0;
TD_tb_lphy_sb_pkt_enc.ext_ep ;
    %load/vec4 v0x591e277d6ee0_0;
    %parti/s 1, 49, 7;
    %ret/vec4 0, 0, 1;  Assign to ext_ep (store_vec4_to_lval)
    %disable/flow S_0x591e277d6c20;
    %end;
S_0x591e277d6fc0 .scope autofunction.vec4.s8, "ext_msgcode" "ext_msgcode" 3 134, 3 134 0, S_0x591e27754b80;
 .timescale -9 -12;
; Variable ext_msgcode is vec4 return value of scope S_0x591e277d6fc0
v0x591e277d72a0_0 .var "h", 63 0;
TD_tb_lphy_sb_pkt_enc.ext_msgcode ;
    %load/vec4 v0x591e277d72a0_0;
    %parti/s 8, 20, 6;
    %ret/vec4 0, 0, 8;  Assign to ext_msgcode (store_vec4_to_lval)
    %disable/flow S_0x591e277d6fc0;
    %end;
S_0x591e277d7380 .scope autofunction.vec4.s16, "ext_msginfo" "ext_msginfo" 3 133, 3 133 0, S_0x591e27754b80;
 .timescale -9 -12;
; Variable ext_msginfo is vec4 return value of scope S_0x591e277d7380
v0x591e277d7660_0 .var "h", 63 0;
TD_tb_lphy_sb_pkt_enc.ext_msginfo ;
    %load/vec4 v0x591e277d7660_0;
    %parti/s 16, 28, 6;
    %ret/vec4 0, 0, 16;  Assign to ext_msginfo (store_vec4_to_lval)
    %disable/flow S_0x591e277d7380;
    %end;
S_0x591e277d7740 .scope autofunction.vec4.s8, "ext_msgsub" "ext_msgsub" 3 135, 3 135 0, S_0x591e27754b80;
 .timescale -9 -12;
; Variable ext_msgsub is vec4 return value of scope S_0x591e277d7740
v0x591e277d7a20_0 .var "h", 63 0;
TD_tb_lphy_sb_pkt_enc.ext_msgsub ;
    %load/vec4 v0x591e277d7a20_0;
    %parti/s 8, 12, 5;
    %ret/vec4 0, 0, 8;  Assign to ext_msgsub (store_vec4_to_lval)
    %disable/flow S_0x591e277d7740;
    %end;
S_0x591e277d7b00 .scope autofunction.vec4.s5, "ext_opcode" "ext_opcode" 3 123, 3 123 0, S_0x591e27754b80;
 .timescale -9 -12;
; Variable ext_opcode is vec4 return value of scope S_0x591e277d7b00
v0x591e277d7de0_0 .var "h", 63 0;
TD_tb_lphy_sb_pkt_enc.ext_opcode ;
    %load/vec4 v0x591e277d7de0_0;
    %parti/s 5, 59, 7;
    %ret/vec4 0, 0, 5;  Assign to ext_opcode (store_vec4_to_lval)
    %disable/flow S_0x591e277d7b00;
    %end;
S_0x591e277d7ec0 .scope autofunction.vec4.s3, "ext_srcid" "ext_srcid" 3 124, 3 124 0, S_0x591e27754b80;
 .timescale -9 -12;
; Variable ext_srcid is vec4 return value of scope S_0x591e277d7ec0
v0x591e277d81a0_0 .var "h", 63 0;
TD_tb_lphy_sb_pkt_enc.ext_srcid ;
    %load/vec4 v0x591e277d81a0_0;
    %parti/s 3, 56, 7;
    %ret/vec4 0, 0, 3;  Assign to ext_srcid (store_vec4_to_lval)
    %disable/flow S_0x591e277d7ec0;
    %end;
S_0x591e277d8280 .scope autofunction.vec4.s5, "ext_tag" "ext_tag" 3 130, 3 130 0, S_0x591e27754b80;
 .timescale -9 -12;
; Variable ext_tag is vec4 return value of scope S_0x591e277d8280
v0x591e277d8560_0 .var "h", 63 0;
TD_tb_lphy_sb_pkt_enc.ext_tag ;
    %load/vec4 v0x591e277d8560_0;
    %parti/s 5, 44, 7;
    %ret/vec4 0, 0, 5;  Assign to ext_tag (store_vec4_to_lval)
    %disable/flow S_0x591e277d8280;
    %end;
S_0x591e277d8640 .scope autofunction.vec4.s1, "ref_cp" "ref_cp" 3 113, 3 113 0, S_0x591e27754b80;
 .timescale -9 -12;
v0x591e277d8820_0 .var "h", 63 0;
; Variable ref_cp is vec4 return value of scope S_0x591e277d8640
TD_tb_lphy_sb_pkt_enc.ref_cp ;
    %load/vec4 v0x591e277d8820_0;
    %pushi/vec4 4293394431, 0, 32;
    %concati/vec4 4294967295, 0, 32;
    %and;
    %xor/r;
    %ret/vec4 0, 0, 1;  Assign to ref_cp (store_vec4_to_lval)
    %disable/flow S_0x591e277d8640;
    %end;
S_0x591e277d89e0 .scope autofunction.vec4.s1, "ref_dp" "ref_dp" 3 118, 3 118 0, S_0x591e27754b80;
 .timescale -9 -12;
v0x591e277d8bc0_0 .var "d", 63 0;
v0x591e277d8cc0_0 .var "hd", 0 0;
; Variable ref_dp is vec4 return value of scope S_0x591e277d89e0
TD_tb_lphy_sb_pkt_enc.ref_dp ;
    %load/vec4 v0x591e277d8cc0_0;
    %flag_set/vec4 8;
    %jmp/0 T_18.6, 8;
    %load/vec4 v0x591e277d8bc0_0;
    %xor/r;
    %jmp/1 T_18.7, 8;
T_18.6 ; End of true expr.
    %pushi/vec4 0, 0, 1;
    %jmp/0 T_18.7, 8;
 ; End of false expr.
    %blend;
T_18.7;
    %ret/vec4 0, 0, 1;  Assign to ref_dp (store_vec4_to_lval)
    %disable/flow S_0x591e277d89e0;
    %end;
S_0x591e277d8e20 .scope module, "u_dut" "lphy_sb_pkt_enc" 3 89, 4 124 0, S_0x591e27754b80;
 .timescale -9 -12;
    .port_info 0 /INPUT 5 "opcode";
    .port_info 1 /INPUT 3 "srcid";
    .port_info 2 /INPUT 3 "dstid";
    .port_info 3 /INPUT 1 "cr";
    .port_info 4 /INPUT 1 "ep";
    .port_info 5 /INPUT 5 "tag";
    .port_info 6 /INPUT 27 "addr";
    .port_info 7 /INPUT 8 "be";
    .port_info 8 /INPUT 16 "msginfo";
    .port_info 9 /INPUT 8 "msgcode";
    .port_info 10 /INPUT 8 "msgsubcode";
    .port_info 11 /INPUT 64 "data_in";
    .port_info 12 /OUTPUT 64 "hdr_out";
    .port_info 13 /OUTPUT 64 "data_out";
    .port_info 14 /OUTPUT 1 "two_frame_pkt";
    .port_info 15 /OUTPUT 1 "enc_cp_out";
    .port_info 16 /OUTPUT 1 "enc_dp_out";
P_0x591e27755440 .param/l "CP_BIT" 1 4 243, C4<00000000000000000000000000110100>;
P_0x591e27755480 .param/l "CP_MASK" 1 4 249, C4<0000000000010000000000000000000000000000000000000000000000000000>;
P_0x591e277554c0 .param/l "DP_BIT" 1 4 246, C4<00000000000000000000000000110011>;
P_0x591e27755500 .param/l "DP_MASK" 1 4 252, C4<0000000000001000000000000000000000000000000000000000000000000000>;
L_0x591e277dee80 .functor AND 1, L_0x591e277ded40, L_0x591e277dede0, C4<1>, C4<1>;
L_0x591e277f0cd0 .functor OR 64, L_0x591e277ef630, L_0x591e277f0b40, C4<0000000000000000000000000000000000000000000000000000000000000000>, C4<0000000000000000000000000000000000000000000000000000000000000000>;
L_0x591e277f0fe0 .functor OR 64, L_0x591e277f0cd0, L_0x591e277f0ea0, C4<0000000000000000000000000000000000000000000000000000000000000000>, C4<0000000000000000000000000000000000000000000000000000000000000000>;
L_0x591e277f12d0 .functor BUFZ 1, L_0x591e277dec50, C4<0>, C4<0>, C4<0>;
L_0x591e277f1340 .functor BUFZ 1, L_0x591e277f0600, C4<0>, C4<0>, C4<0>;
L_0x591e277f1490 .functor BUFZ 1, L_0x591e277f0710, C4<0>, C4<0>, C4<0>;
L_0x750cef2ce060 .functor BUFT 1, C4<000000>, C4<0>, C4<0>, C4<0>;
v0x591e277db6f0_0 .net/2u *"_ivl_12", 5 0, L_0x750cef2ce060;  1 drivers
L_0x750cef2ce0a8 .functor BUFT 1, C4<000000000000>, C4<0>, C4<0>, C4<0>;
v0x591e277db7f0_0 .net/2u *"_ivl_14", 11 0, L_0x750cef2ce0a8;  1 drivers
L_0x750cef2ce0f0 .functor BUFT 1, C4<0>, C4<0>, C4<0>, C4<0>;
v0x591e277db8d0_0 .net/2u *"_ivl_20", 0 0, L_0x750cef2ce0f0;  1 drivers
L_0x750cef2ce138 .functor BUFT 1, C4<0>, C4<0>, C4<0>, C4<0>;
v0x591e277db990_0 .net/2u *"_ivl_22", 0 0, L_0x750cef2ce138;  1 drivers
L_0x750cef2ce3c0 .functor BUFT 1, C4<0000000000010000000000000000000000000000000000000000000000000000>, C4<0>, C4<0>, C4<0>;
v0x591e277dba70_0 .net/2u *"_ivl_28", 63 0, L_0x750cef2ce3c0;  1 drivers
v0x591e277dbb50_0 .net *"_ivl_3", 0 0, L_0x591e277ded40;  1 drivers
L_0x750cef2ce408 .functor BUFT 1, C4<0000000000000000000000000000000000000000000000000000000000000000>, C4<0>, C4<0>, C4<0>;
v0x591e277dbc30_0 .net/2u *"_ivl_30", 63 0, L_0x750cef2ce408;  1 drivers
v0x591e277dbd10_0 .net *"_ivl_32", 63 0, L_0x591e277f0b40;  1 drivers
L_0x750cef2ce450 .functor BUFT 1, C4<0000000000001000000000000000000000000000000000000000000000000000>, C4<0>, C4<0>, C4<0>;
v0x591e277dbdf0_0 .net/2u *"_ivl_36", 63 0, L_0x750cef2ce450;  1 drivers
L_0x750cef2ce498 .functor BUFT 1, C4<0000000000000000000000000000000000000000000000000000000000000000>, C4<0>, C4<0>, C4<0>;
v0x591e277dbed0_0 .net/2u *"_ivl_38", 63 0, L_0x750cef2ce498;  1 drivers
v0x591e277dbfb0_0 .net *"_ivl_40", 63 0, L_0x591e277f0ea0;  1 drivers
L_0x750cef2ce4e0 .functor BUFT 1, C4<0000000000000000000000000000000000000000000000000000000000000000>, C4<0>, C4<0>, C4<0>;
v0x591e277dc090_0 .net/2u *"_ivl_44", 63 0, L_0x750cef2ce4e0;  1 drivers
v0x591e277dc170_0 .net *"_ivl_5", 0 0, L_0x591e277dede0;  1 drivers
L_0x750cef2ce018 .functor BUFT 1, C4<000000000>, C4<0>, C4<0>, C4<0>;
v0x591e277dc250_0 .net/2u *"_ivl_8", 8 0, L_0x750cef2ce018;  1 drivers
v0x591e277dc330_0 .net "addr", 26 0, v0x591e277ddc30_0;  1 drivers
v0x591e277dc410_0 .net "be", 7 0, v0x591e277ddd40_0;  1 drivers
v0x591e277dc4f0_0 .net "cp_computed", 0 0, L_0x591e277f0600;  1 drivers
v0x591e277dc6a0_0 .net "cr", 0 0, v0x591e277dde10_0;  1 drivers
v0x591e277dc740_0 .net "crc_unused", 0 0, L_0x591e277f15d0;  1 drivers
v0x591e277dc810_0 .net "data_in", 63 0, v0x591e277ddf10_0;  1 drivers
v0x591e277dc8e0_0 .net "data_out", 63 0, L_0x591e277f1140;  alias, 1 drivers
v0x591e277dc9a0_0 .net "dp_computed", 0 0, L_0x591e277f0710;  1 drivers
v0x591e277dca70_0 .net "dstid", 2 0, v0x591e277de0a0_0;  1 drivers
v0x591e277dcb30_0 .net "enc_cp_out", 0 0, L_0x591e277f1340;  alias, 1 drivers
v0x591e277dcbf0_0 .net "enc_dp_out", 0 0, L_0x591e277f1490;  alias, 1 drivers
v0x591e277dccb0_0 .net "ep", 0 0, v0x591e277de2e0_0;  1 drivers
v0x591e277dcd70_0 .net "has_data", 0 0, L_0x591e277dec50;  1 drivers
v0x591e277dce40_0 .net "hdr_out", 63 0, L_0x591e277f0fe0;  alias, 1 drivers
v0x591e277dcf00_0 .net "hdr_raw", 63 0, L_0x591e277ef630;  1 drivers
v0x591e277dcff0_0 .net "hdr_with_cp", 63 0, L_0x591e277f0cd0;  1 drivers
v0x591e277dd0b0_0 .net "is_msg", 0 0, L_0x591e277dee80;  1 drivers
v0x591e277dd170_0 .net "msgcode", 7 0, v0x591e277de5c0_0;  1 drivers
v0x591e277dd250_0 .net "msginfo", 15 0, v0x591e277de690_0;  1 drivers
v0x591e277dd330_0 .net "msgsubcode", 7 0, v0x591e277de760_0;  1 drivers
v0x591e277dd410_0 .net "opcode", 4 0, v0x591e277de830_0;  1 drivers
v0x591e277dd4f0_0 .net "payload_msg", 49 0, L_0x591e277ef1e0;  1 drivers
v0x591e277dd5d0_0 .net "payload_reg", 49 0, L_0x591e277eef80;  1 drivers
v0x591e277dd6b0_0 .net "payload_sel", 49 0, L_0x591e277ef410;  1 drivers
v0x591e277dd790_0 .net "srcid", 2 0, v0x591e277de9c0_0;  1 drivers
v0x591e277dd870_0 .net "tag", 4 0, v0x591e277deab0_0;  1 drivers
v0x591e277dd950_0 .net "two_frame_pkt", 0 0, L_0x591e277f12d0;  alias, 1 drivers
L_0x591e277dec50 .part v0x591e277de830_0, 0, 1;
L_0x591e277ded40 .part v0x591e277de830_0, 4, 1;
L_0x591e277dede0 .part v0x591e277de830_0, 1, 1;
LS_0x591e277eef80_0_0 .concat [ 9 8 27 5], L_0x750cef2ce018, v0x591e277ddd40_0, v0x591e277ddc30_0, v0x591e277deab0_0;
LS_0x591e277eef80_0_4 .concat [ 1 0 0 0], v0x591e277de2e0_0;
L_0x591e277eef80 .concat [ 49 1 0 0], LS_0x591e277eef80_0_0, LS_0x591e277eef80_0_4;
LS_0x591e277ef1e0_0_0 .concat [ 12 8 8 16], L_0x750cef2ce0a8, v0x591e277de760_0, v0x591e277de5c0_0, v0x591e277de690_0;
LS_0x591e277ef1e0_0_4 .concat [ 6 0 0 0], L_0x750cef2ce060;
L_0x591e277ef1e0 .concat [ 44 6 0 0], LS_0x591e277ef1e0_0_0, LS_0x591e277ef1e0_0_4;
L_0x591e277ef410 .functor MUXZ 50, L_0x591e277eef80, L_0x591e277ef1e0, L_0x591e277dee80, C4<>;
LS_0x591e277ef630_0_0 .concat [ 50 1 1 1], L_0x591e277ef410, v0x591e277dde10_0, L_0x750cef2ce138, L_0x750cef2ce0f0;
LS_0x591e277ef630_0_4 .concat [ 3 3 5 0], v0x591e277de0a0_0, v0x591e277de9c0_0, v0x591e277de830_0;
L_0x591e277ef630 .concat [ 53 11 0 0], LS_0x591e277ef630_0_0, LS_0x591e277ef630_0_4;
L_0x591e277f0b40 .functor MUXZ 64, L_0x750cef2ce408, L_0x750cef2ce3c0, L_0x591e277f0600, C4<>;
L_0x591e277f0ea0 .functor MUXZ 64, L_0x750cef2ce498, L_0x750cef2ce450, L_0x591e277f0710, C4<>;
L_0x591e277f1140 .functor MUXZ 64, L_0x750cef2ce4e0, v0x591e277ddf10_0, L_0x591e277dec50, C4<>;
S_0x591e277d9490 .scope begin, "param_check" "param_check" 4 417, 4 417 0, S_0x591e277d8e20;
 .timescale -9 -12;
S_0x591e277d9690 .scope module, "u_crc" "lphy_sb_crc" 4 360, 5 92 0, S_0x591e277d8e20;
 .timescale -9 -12;
    .port_info 0 /INPUT 64 "hdr_in";
    .port_info 1 /INPUT 64 "data_in";
    .port_info 2 /INPUT 1 "has_data";
    .port_info 3 /INPUT 1 "mode_tx";
    .port_info 4 /OUTPUT 1 "cp_out";
    .port_info 5 /OUTPUT 1 "dp_out";
    .port_info 6 /OUTPUT 1 "parity_err";
P_0x591e2778a590 .param/l "CP_BIT" 1 5 169, C4<00000000000000000000000000110100>;
P_0x591e2778a5d0 .param/l "CP_MASK" 1 5 173, C4<0000000000010000000000000000000000000000000000000000000000000000>;
P_0x591e2778a610 .param/l "DP_BIT" 1 5 170, C4<00000000000000000000000000110011>;
P_0x591e2778a650 .param/l "DP_MASK" 1 5 174, C4<0000000000001000000000000000000000000000000000000000000000000000>;
P_0x591e2778a690 .param/l "PARITY_CLEAR_MASK" 1 5 177, C4<1111111111100111111111111111111111111111111111111111111111111111>;
L_0x750cef2ce180 .functor BUFT 1, C4<1111111111100111111111111111111111111111111111111111111111111111>, C4<0>, C4<0>, C4<0>;
L_0x591e277ef9a0 .functor AND 64, L_0x591e277ef630, L_0x750cef2ce180, C4<1111111111111111111111111111111111111111111111111111111111111111>, C4<1111111111111111111111111111111111111111111111111111111111111111>;
L_0x750cef2ce258 .functor BUFT 1, C4<0000000000000000000000000000000000000000000000000000000000000001>, C4<0>, C4<0>, C4<0>;
L_0x591e277effe0 .functor AND 64, L_0x591e277efe60, L_0x750cef2ce258, C4<1111111111111111111111111111111111111111111111111111111111111111>, C4<1111111111111111111111111111111111111111111111111111111111111111>;
L_0x750cef2ce2e8 .functor BUFT 1, C4<0000000000000000000000000000000000000000000000000000000000000001>, C4<0>, C4<0>, C4<0>;
L_0x591e277f0400 .functor AND 64, L_0x591e277f0270, L_0x750cef2ce2e8, C4<1111111111111111111111111111111111111111111111111111111111111111>, C4<1111111111111111111111111111111111111111111111111111111111111111>;
L_0x591e277f0600 .functor BUFZ 1, L_0x591e277efa60, C4<0>, C4<0>, C4<0>;
L_0x591e277f0710 .functor BUFZ 1, L_0x591e277efbf0, C4<0>, C4<0>, C4<0>;
L_0x591e277f0820 .functor XOR 1, L_0x591e277efa60, L_0x591e277f00a0, C4<0>, C4<0>;
L_0x591e277f0920 .functor XOR 1, L_0x591e277efbf0, L_0x591e277f0510, C4<0>, C4<0>;
L_0x591e277f09e0 .functor OR 1, L_0x591e277f0820, L_0x591e277f0920, C4<0>, C4<0>;
L_0x750cef2ce330 .functor BUFT 1, C4<0>, C4<0>, C4<0>, C4<0>;
L_0x591e277f15d0 .functor BUFT 1, L_0x750cef2ce330, C4<0>, C4<0>, C4<0>;
v0x591e277d9db0_0 .net/2u *"_ivl_0", 63 0, L_0x750cef2ce180;  1 drivers
v0x591e277d9eb0_0 .net *"_ivl_12", 63 0, L_0x591e277efe60;  1 drivers
v0x591e277d9f90_0 .net *"_ivl_14", 11 0, L_0x591e277efd30;  1 drivers
L_0x750cef2ce210 .functor BUFT 1, C4<0000000000000000000000000000000000000000000000000000>, C4<0>, C4<0>, C4<0>;
v0x591e277da080_0 .net *"_ivl_16", 51 0, L_0x750cef2ce210;  1 drivers
v0x591e277da160_0 .net/2u *"_ivl_18", 63 0, L_0x750cef2ce258;  1 drivers
v0x591e277da290_0 .net *"_ivl_20", 63 0, L_0x591e277effe0;  1 drivers
v0x591e277da370_0 .net *"_ivl_24", 63 0, L_0x591e277f0270;  1 drivers
v0x591e277da450_0 .net *"_ivl_26", 12 0, L_0x591e277f01d0;  1 drivers
L_0x750cef2ce2a0 .functor BUFT 1, C4<000000000000000000000000000000000000000000000000000>, C4<0>, C4<0>, C4<0>;
v0x591e277da530_0 .net *"_ivl_28", 50 0, L_0x750cef2ce2a0;  1 drivers
v0x591e277da610_0 .net/2u *"_ivl_30", 63 0, L_0x750cef2ce2e8;  1 drivers
v0x591e277da6f0_0 .net *"_ivl_32", 63 0, L_0x591e277f0400;  1 drivers
v0x591e277da7d0_0 .net/2u *"_ivl_40", 0 0, L_0x750cef2ce330;  1 drivers
v0x591e277da8b0_0 .net *"_ivl_42", 0 0, L_0x591e277f0820;  1 drivers
v0x591e277da970_0 .net *"_ivl_44", 0 0, L_0x591e277f0920;  1 drivers
v0x591e277daa30_0 .net *"_ivl_46", 0 0, L_0x591e277f09e0;  1 drivers
v0x591e277dab10_0 .net *"_ivl_7", 0 0, L_0x591e277efb50;  1 drivers
L_0x750cef2ce1c8 .functor BUFT 1, C4<0>, C4<0>, C4<0>, C4<0>;
v0x591e277dabd0_0 .net/2u *"_ivl_8", 0 0, L_0x750cef2ce1c8;  1 drivers
v0x591e277dacb0_0 .net "cp_computed", 0 0, L_0x591e277efa60;  1 drivers
v0x591e277dad70_0 .net "cp_out", 0 0, L_0x591e277f0600;  alias, 1 drivers
v0x591e277dae30_0 .net "cp_received", 0 0, L_0x591e277f00a0;  1 drivers
v0x591e277daef0_0 .net "data_in", 63 0, v0x591e277ddf10_0;  alias, 1 drivers
v0x591e277dafd0_0 .net "dp_computed", 0 0, L_0x591e277efbf0;  1 drivers
v0x591e277db090_0 .net "dp_out", 0 0, L_0x591e277f0710;  alias, 1 drivers
v0x591e277db150_0 .net "dp_received", 0 0, L_0x591e277f0510;  1 drivers
v0x591e277db210_0 .net "has_data", 0 0, L_0x591e277dec50;  alias, 1 drivers
v0x591e277db2d0_0 .net "hdr_in", 63 0, L_0x591e277ef630;  alias, 1 drivers
v0x591e277db3b0_0 .net "hdr_masked", 63 0, L_0x591e277ef9a0;  1 drivers
L_0x750cef2ce378 .functor BUFT 1, C4<1>, C4<0>, C4<0>, C4<0>;
v0x591e277db490_0 .net "mode_tx", 0 0, L_0x750cef2ce378;  1 drivers
v0x591e277db550_0 .net "parity_err", 0 0, L_0x591e277f15d0;  alias, 1 drivers
L_0x591e277efa60 .reduce/xor L_0x591e277ef9a0;
L_0x591e277efb50 .reduce/xor v0x591e277ddf10_0;
L_0x591e277efbf0 .functor MUXZ 1, L_0x750cef2ce1c8, L_0x591e277efb50, L_0x591e277dec50, C4<>;
L_0x591e277efd30 .part L_0x591e277ef630, 52, 12;
L_0x591e277efe60 .concat [ 12 52 0 0], L_0x591e277efd30, L_0x750cef2ce210;
L_0x591e277f00a0 .part L_0x591e277effe0, 0, 1;
L_0x591e277f01d0 .part L_0x591e277ef630, 51, 13;
L_0x591e277f0270 .concat [ 13 51 0 0], L_0x591e277f01d0, L_0x750cef2ce2a0;
L_0x591e277f0510 .part L_0x591e277f0400, 0, 1;
S_0x591e277d9bd0 .scope begin, "param_consistency_check" "param_consistency_check" 5 276, 5 276 0, S_0x591e277d9690;
 .timescale -9 -12;
    .scope S_0x591e277d9690;
T_19 ;
    %end;
    .thread T_19;
    .scope S_0x591e277d8e20;
T_20 ;
    %end;
    .thread T_20;
    .scope S_0x591e27754b80;
T_21 ;
    %pushi/vec4 0, 0, 32;
    %store/vec4 v0x591e277de900_0, 0, 32;
    %pushi/vec4 0, 0, 32;
    %store/vec4 v0x591e277de3b0_0, 0, 32;
    %pushi/vec4 0, 0, 5;
    %store/vec4 v0x591e277de830_0, 0, 5;
    %pushi/vec4 0, 0, 3;
    %store/vec4 v0x591e277de9c0_0, 0, 3;
    %pushi/vec4 0, 0, 3;
    %store/vec4 v0x591e277de0a0_0, 0, 3;
    %pushi/vec4 0, 0, 1;
    %store/vec4 v0x591e277dde10_0, 0, 1;
    %pushi/vec4 0, 0, 1;
    %store/vec4 v0x591e277de2e0_0, 0, 1;
    %pushi/vec4 0, 0, 5;
    %store/vec4 v0x591e277deab0_0, 0, 5;
    %pushi/vec4 0, 0, 27;
    %store/vec4 v0x591e277ddc30_0, 0, 27;
    %pushi/vec4 0, 0, 8;
    %store/vec4 v0x591e277ddd40_0, 0, 8;
    %pushi/vec4 0, 0, 16;
    %store/vec4 v0x591e277de690_0, 0, 16;
    %pushi/vec4 0, 0, 8;
    %store/vec4 v0x591e277de5c0_0, 0, 8;
    %pushi/vec4 0, 0, 8;
    %store/vec4 v0x591e277de760_0, 0, 8;
    %pushi/vec4 0, 0, 64;
    %store/vec4 v0x591e277ddf10_0, 0, 64;
    %delay 2000, 0;
    %vpi_call/w 3 217 "$display", "\000" {0 0 0};
    %vpi_call/w 3 218 "$display", "==============================================================" {0 0 0};
    %vpi_call/w 3 219 "$display", "  lphy_sb_pkt_enc Testbench \342\200\224 UCIe \302\2476.1.1 / \302\2476.1.2" {0 0 0};
    %vpi_call/w 3 220 "$display", "==============================================================" {0 0 0};
    %vpi_call/w 3 225 "$display", "\000" {0 0 0};
    %vpi_call/w 3 226 "$display", "--- Group A : Opcode decode (two_frame_pkt) ---" {0 0 0};
    %alloc S_0x591e277543e0;
    %pushi/vec4 0, 0, 5;
    %store/vec4 v0x591e277d3350_0, 0, 5;
    %pushi/vec4 1, 0, 3;
    %store/vec4 v0x591e277d3430_0, 0, 3;
    %pushi/vec4 6, 0, 3;
    %store/vec4 v0x591e277d2ec0_0, 0, 3;
    %pushi/vec4 0, 0, 1;
    %store/vec4 v0x591e277d2d40_0, 0, 1;
    %pushi/vec4 0, 0, 1;
    %store/vec4 v0x591e277d2ff0_0, 0, 1;
    %pushi/vec4 0, 0, 5;
    %store/vec4 v0x591e277d3510_0, 0, 5;
    %pushi/vec4 0, 0, 27;
    %store/vec4 v0x591e277509e0_0, 0, 27;
    %pushi/vec4 255, 0, 8;
    %store/vec4 v0x591e277d2c60_0, 0, 8;
    %pushi/vec4 0, 0, 16;
    %store/vec4 v0x591e277d3190_0, 0, 16;
    %pushi/vec4 0, 0, 8;
    %store/vec4 v0x591e277d30b0_0, 0, 8;
    %pushi/vec4 0, 0, 8;
    %store/vec4 v0x591e277d3270_0, 0, 8;
    %pushi/vec4 0, 0, 64;
    %store/vec4 v0x591e277d2de0_0, 0, 64;
    %fork TD_tb_lphy_sb_pkt_enc.apply_all, S_0x591e277543e0;
    %join;
    %free S_0x591e277543e0;
    %alloc S_0x591e277d4460;
    %pushi/str "A-32bMemR";
    %store/str v0x591e277d4770_0;
    %load/vec4 v0x591e277deb80_0;
    %store/vec4 v0x591e277d46b0_0, 0, 1;
    %pushi/vec4 0, 0, 1;
    %store/vec4 v0x591e277d45f0_0, 0, 1;
    %fork TD_tb_lphy_sb_pkt_enc.chk1, S_0x591e277d4460;
    %join;
    %free S_0x591e277d4460;
    %alloc S_0x591e277d4810;
    %pushi/str "A-32bMemR-op";
    %store/str v0x591e277d4bd0_0;
    %pushi/vec4 0, 0, 59;
    %alloc S_0x591e277d7b00;
    %load/vec4 v0x591e277de4f0_0;
    %store/vec4 v0x591e277d7de0_0, 0, 64;
    %callf/vec4 TD_tb_lphy_sb_pkt_enc.ext_opcode, S_0x591e277d7b00;
    %free S_0x591e277d7b00;
    %concat/vec4; draw_concat_vec4
    %store/vec4 v0x591e277d4af0_0, 0, 64;
    %pushi/vec4 0, 0, 64;
    %store/vec4 v0x591e277d49f0_0, 0, 64;
    %pushi/vec4 5, 0, 32;
    %store/vec4 v0x591e277d4d50_0, 0, 32;
    %fork TD_tb_lphy_sb_pkt_enc.chkN, S_0x591e277d4810;
    %join;
    %free S_0x591e277d4810;
    %alloc S_0x591e277543e0;
    %pushi/vec4 4, 0, 5;
    %store/vec4 v0x591e277d3350_0, 0, 5;
    %pushi/vec4 1, 0, 3;
    %store/vec4 v0x591e277d3430_0, 0, 3;
    %pushi/vec4 6, 0, 3;
    %store/vec4 v0x591e277d2ec0_0, 0, 3;
    %pushi/vec4 0, 0, 1;
    %store/vec4 v0x591e277d2d40_0, 0, 1;
    %pushi/vec4 0, 0, 1;
    %store/vec4 v0x591e277d2ff0_0, 0, 1;
    %pushi/vec4 0, 0, 5;
    %store/vec4 v0x591e277d3510_0, 0, 5;
    %pushi/vec4 0, 0, 27;
    %store/vec4 v0x591e277509e0_0, 0, 27;
    %pushi/vec4 255, 0, 8;
    %store/vec4 v0x591e277d2c60_0, 0, 8;
    %pushi/vec4 0, 0, 16;
    %store/vec4 v0x591e277d3190_0, 0, 16;
    %pushi/vec4 0, 0, 8;
    %store/vec4 v0x591e277d30b0_0, 0, 8;
    %pushi/vec4 0, 0, 8;
    %store/vec4 v0x591e277d3270_0, 0, 8;
    %pushi/vec4 0, 0, 64;
    %store/vec4 v0x591e277d2de0_0, 0, 64;
    %fork TD_tb_lphy_sb_pkt_enc.apply_all, S_0x591e277543e0;
    %join;
    %free S_0x591e277543e0;
    %alloc S_0x591e277d4460;
    %pushi/str "A-32bCfgR";
    %store/str v0x591e277d4770_0;
    %load/vec4 v0x591e277deb80_0;
    %store/vec4 v0x591e277d46b0_0, 0, 1;
    %pushi/vec4 0, 0, 1;
    %store/vec4 v0x591e277d45f0_0, 0, 1;
    %fork TD_tb_lphy_sb_pkt_enc.chk1, S_0x591e277d4460;
    %join;
    %free S_0x591e277d4460;
    %alloc S_0x591e277d4810;
    %pushi/str "A-32bCfgR-op";
    %store/str v0x591e277d4bd0_0;
    %pushi/vec4 0, 0, 59;
    %alloc S_0x591e277d7b00;
    %load/vec4 v0x591e277de4f0_0;
    %store/vec4 v0x591e277d7de0_0, 0, 64;
    %callf/vec4 TD_tb_lphy_sb_pkt_enc.ext_opcode, S_0x591e277d7b00;
    %free S_0x591e277d7b00;
    %concat/vec4; draw_concat_vec4
    %store/vec4 v0x591e277d4af0_0, 0, 64;
    %pushi/vec4 4, 0, 64;
    %store/vec4 v0x591e277d49f0_0, 0, 64;
    %pushi/vec4 5, 0, 32;
    %store/vec4 v0x591e277d4d50_0, 0, 32;
    %fork TD_tb_lphy_sb_pkt_enc.chkN, S_0x591e277d4810;
    %join;
    %free S_0x591e277d4810;
    %alloc S_0x591e277543e0;
    %pushi/vec4 8, 0, 5;
    %store/vec4 v0x591e277d3350_0, 0, 5;
    %pushi/vec4 1, 0, 3;
    %store/vec4 v0x591e277d3430_0, 0, 3;
    %pushi/vec4 6, 0, 3;
    %store/vec4 v0x591e277d2ec0_0, 0, 3;
    %pushi/vec4 0, 0, 1;
    %store/vec4 v0x591e277d2d40_0, 0, 1;
    %pushi/vec4 0, 0, 1;
    %store/vec4 v0x591e277d2ff0_0, 0, 1;
    %pushi/vec4 0, 0, 5;
    %store/vec4 v0x591e277d3510_0, 0, 5;
    %pushi/vec4 0, 0, 27;
    %store/vec4 v0x591e277509e0_0, 0, 27;
    %pushi/vec4 255, 0, 8;
    %store/vec4 v0x591e277d2c60_0, 0, 8;
    %pushi/vec4 0, 0, 16;
    %store/vec4 v0x591e277d3190_0, 0, 16;
    %pushi/vec4 0, 0, 8;
    %store/vec4 v0x591e277d30b0_0, 0, 8;
    %pushi/vec4 0, 0, 8;
    %store/vec4 v0x591e277d3270_0, 0, 8;
    %pushi/vec4 0, 0, 64;
    %store/vec4 v0x591e277d2de0_0, 0, 64;
    %fork TD_tb_lphy_sb_pkt_enc.apply_all, S_0x591e277543e0;
    %join;
    %free S_0x591e277543e0;
    %alloc S_0x591e277d4460;
    %pushi/str "A-64bMemR";
    %store/str v0x591e277d4770_0;
    %load/vec4 v0x591e277deb80_0;
    %store/vec4 v0x591e277d46b0_0, 0, 1;
    %pushi/vec4 0, 0, 1;
    %store/vec4 v0x591e277d45f0_0, 0, 1;
    %fork TD_tb_lphy_sb_pkt_enc.chk1, S_0x591e277d4460;
    %join;
    %free S_0x591e277d4460;
    %alloc S_0x591e277d4810;
    %pushi/str "A-64bMemR-op";
    %store/str v0x591e277d4bd0_0;
    %pushi/vec4 0, 0, 59;
    %alloc S_0x591e277d7b00;
    %load/vec4 v0x591e277de4f0_0;
    %store/vec4 v0x591e277d7de0_0, 0, 64;
    %callf/vec4 TD_tb_lphy_sb_pkt_enc.ext_opcode, S_0x591e277d7b00;
    %free S_0x591e277d7b00;
    %concat/vec4; draw_concat_vec4
    %store/vec4 v0x591e277d4af0_0, 0, 64;
    %pushi/vec4 8, 0, 64;
    %store/vec4 v0x591e277d49f0_0, 0, 64;
    %pushi/vec4 5, 0, 32;
    %store/vec4 v0x591e277d4d50_0, 0, 32;
    %fork TD_tb_lphy_sb_pkt_enc.chkN, S_0x591e277d4810;
    %join;
    %free S_0x591e277d4810;
    %alloc S_0x591e277543e0;
    %pushi/vec4 12, 0, 5;
    %store/vec4 v0x591e277d3350_0, 0, 5;
    %pushi/vec4 1, 0, 3;
    %store/vec4 v0x591e277d3430_0, 0, 3;
    %pushi/vec4 6, 0, 3;
    %store/vec4 v0x591e277d2ec0_0, 0, 3;
    %pushi/vec4 0, 0, 1;
    %store/vec4 v0x591e277d2d40_0, 0, 1;
    %pushi/vec4 0, 0, 1;
    %store/vec4 v0x591e277d2ff0_0, 0, 1;
    %pushi/vec4 0, 0, 5;
    %store/vec4 v0x591e277d3510_0, 0, 5;
    %pushi/vec4 0, 0, 27;
    %store/vec4 v0x591e277509e0_0, 0, 27;
    %pushi/vec4 255, 0, 8;
    %store/vec4 v0x591e277d2c60_0, 0, 8;
    %pushi/vec4 0, 0, 16;
    %store/vec4 v0x591e277d3190_0, 0, 16;
    %pushi/vec4 0, 0, 8;
    %store/vec4 v0x591e277d30b0_0, 0, 8;
    %pushi/vec4 0, 0, 8;
    %store/vec4 v0x591e277d3270_0, 0, 8;
    %pushi/vec4 0, 0, 64;
    %store/vec4 v0x591e277d2de0_0, 0, 64;
    %fork TD_tb_lphy_sb_pkt_enc.apply_all, S_0x591e277543e0;
    %join;
    %free S_0x591e277543e0;
    %alloc S_0x591e277d4460;
    %pushi/str "A-64bCfgR";
    %store/str v0x591e277d4770_0;
    %load/vec4 v0x591e277deb80_0;
    %store/vec4 v0x591e277d46b0_0, 0, 1;
    %pushi/vec4 0, 0, 1;
    %store/vec4 v0x591e277d45f0_0, 0, 1;
    %fork TD_tb_lphy_sb_pkt_enc.chk1, S_0x591e277d4460;
    %join;
    %free S_0x591e277d4460;
    %alloc S_0x591e277d4810;
    %pushi/str "A-64bCfgR-op";
    %store/str v0x591e277d4bd0_0;
    %pushi/vec4 0, 0, 59;
    %alloc S_0x591e277d7b00;
    %load/vec4 v0x591e277de4f0_0;
    %store/vec4 v0x591e277d7de0_0, 0, 64;
    %callf/vec4 TD_tb_lphy_sb_pkt_enc.ext_opcode, S_0x591e277d7b00;
    %free S_0x591e277d7b00;
    %concat/vec4; draw_concat_vec4
    %store/vec4 v0x591e277d4af0_0, 0, 64;
    %pushi/vec4 12, 0, 64;
    %store/vec4 v0x591e277d49f0_0, 0, 64;
    %pushi/vec4 5, 0, 32;
    %store/vec4 v0x591e277d4d50_0, 0, 32;
    %fork TD_tb_lphy_sb_pkt_enc.chkN, S_0x591e277d4810;
    %join;
    %free S_0x591e277d4810;
    %alloc S_0x591e277543e0;
    %pushi/vec4 1, 0, 5;
    %store/vec4 v0x591e277d3350_0, 0, 5;
    %pushi/vec4 1, 0, 3;
    %store/vec4 v0x591e277d3430_0, 0, 3;
    %pushi/vec4 6, 0, 3;
    %store/vec4 v0x591e277d2ec0_0, 0, 3;
    %pushi/vec4 0, 0, 1;
    %store/vec4 v0x591e277d2d40_0, 0, 1;
    %pushi/vec4 0, 0, 1;
    %store/vec4 v0x591e277d2ff0_0, 0, 1;
    %pushi/vec4 0, 0, 5;
    %store/vec4 v0x591e277d3510_0, 0, 5;
    %pushi/vec4 0, 0, 27;
    %store/vec4 v0x591e277509e0_0, 0, 27;
    %pushi/vec4 255, 0, 8;
    %store/vec4 v0x591e277d2c60_0, 0, 8;
    %pushi/vec4 0, 0, 16;
    %store/vec4 v0x591e277d3190_0, 0, 16;
    %pushi/vec4 0, 0, 8;
    %store/vec4 v0x591e277d30b0_0, 0, 8;
    %pushi/vec4 0, 0, 8;
    %store/vec4 v0x591e277d3270_0, 0, 8;
    %pushi/vec4 1, 0, 64;
    %store/vec4 v0x591e277d2de0_0, 0, 64;
    %fork TD_tb_lphy_sb_pkt_enc.apply_all, S_0x591e277543e0;
    %join;
    %free S_0x591e277543e0;
    %alloc S_0x591e277d4460;
    %pushi/str "A-32bMemW";
    %store/str v0x591e277d4770_0;
    %load/vec4 v0x591e277deb80_0;
    %store/vec4 v0x591e277d46b0_0, 0, 1;
    %pushi/vec4 1, 0, 1;
    %store/vec4 v0x591e277d45f0_0, 0, 1;
    %fork TD_tb_lphy_sb_pkt_enc.chk1, S_0x591e277d4460;
    %join;
    %free S_0x591e277d4460;
    %alloc S_0x591e277d4810;
    %pushi/str "A-32bMemW-op";
    %store/str v0x591e277d4bd0_0;
    %pushi/vec4 0, 0, 59;
    %alloc S_0x591e277d7b00;
    %load/vec4 v0x591e277de4f0_0;
    %store/vec4 v0x591e277d7de0_0, 0, 64;
    %callf/vec4 TD_tb_lphy_sb_pkt_enc.ext_opcode, S_0x591e277d7b00;
    %free S_0x591e277d7b00;
    %concat/vec4; draw_concat_vec4
    %store/vec4 v0x591e277d4af0_0, 0, 64;
    %pushi/vec4 1, 0, 64;
    %store/vec4 v0x591e277d49f0_0, 0, 64;
    %pushi/vec4 5, 0, 32;
    %store/vec4 v0x591e277d4d50_0, 0, 32;
    %fork TD_tb_lphy_sb_pkt_enc.chkN, S_0x591e277d4810;
    %join;
    %free S_0x591e277d4810;
    %alloc S_0x591e277543e0;
    %pushi/vec4 5, 0, 5;
    %store/vec4 v0x591e277d3350_0, 0, 5;
    %pushi/vec4 1, 0, 3;
    %store/vec4 v0x591e277d3430_0, 0, 3;
    %pushi/vec4 6, 0, 3;
    %store/vec4 v0x591e277d2ec0_0, 0, 3;
    %pushi/vec4 0, 0, 1;
    %store/vec4 v0x591e277d2d40_0, 0, 1;
    %pushi/vec4 0, 0, 1;
    %store/vec4 v0x591e277d2ff0_0, 0, 1;
    %pushi/vec4 0, 0, 5;
    %store/vec4 v0x591e277d3510_0, 0, 5;
    %pushi/vec4 0, 0, 27;
    %store/vec4 v0x591e277509e0_0, 0, 27;
    %pushi/vec4 255, 0, 8;
    %store/vec4 v0x591e277d2c60_0, 0, 8;
    %pushi/vec4 0, 0, 16;
    %store/vec4 v0x591e277d3190_0, 0, 16;
    %pushi/vec4 0, 0, 8;
    %store/vec4 v0x591e277d30b0_0, 0, 8;
    %pushi/vec4 0, 0, 8;
    %store/vec4 v0x591e277d3270_0, 0, 8;
    %pushi/vec4 1, 0, 64;
    %store/vec4 v0x591e277d2de0_0, 0, 64;
    %fork TD_tb_lphy_sb_pkt_enc.apply_all, S_0x591e277543e0;
    %join;
    %free S_0x591e277543e0;
    %alloc S_0x591e277d4460;
    %pushi/str "A-32bCfgW";
    %store/str v0x591e277d4770_0;
    %load/vec4 v0x591e277deb80_0;
    %store/vec4 v0x591e277d46b0_0, 0, 1;
    %pushi/vec4 1, 0, 1;
    %store/vec4 v0x591e277d45f0_0, 0, 1;
    %fork TD_tb_lphy_sb_pkt_enc.chk1, S_0x591e277d4460;
    %join;
    %free S_0x591e277d4460;
    %alloc S_0x591e277d4810;
    %pushi/str "A-32bCfgW-op";
    %store/str v0x591e277d4bd0_0;
    %pushi/vec4 0, 0, 59;
    %alloc S_0x591e277d7b00;
    %load/vec4 v0x591e277de4f0_0;
    %store/vec4 v0x591e277d7de0_0, 0, 64;
    %callf/vec4 TD_tb_lphy_sb_pkt_enc.ext_opcode, S_0x591e277d7b00;
    %free S_0x591e277d7b00;
    %concat/vec4; draw_concat_vec4
    %store/vec4 v0x591e277d4af0_0, 0, 64;
    %pushi/vec4 5, 0, 64;
    %store/vec4 v0x591e277d49f0_0, 0, 64;
    %pushi/vec4 5, 0, 32;
    %store/vec4 v0x591e277d4d50_0, 0, 32;
    %fork TD_tb_lphy_sb_pkt_enc.chkN, S_0x591e277d4810;
    %join;
    %free S_0x591e277d4810;
    %alloc S_0x591e277543e0;
    %pushi/vec4 9, 0, 5;
    %store/vec4 v0x591e277d3350_0, 0, 5;
    %pushi/vec4 1, 0, 3;
    %store/vec4 v0x591e277d3430_0, 0, 3;
    %pushi/vec4 6, 0, 3;
    %store/vec4 v0x591e277d2ec0_0, 0, 3;
    %pushi/vec4 0, 0, 1;
    %store/vec4 v0x591e277d2d40_0, 0, 1;
    %pushi/vec4 0, 0, 1;
    %store/vec4 v0x591e277d2ff0_0, 0, 1;
    %pushi/vec4 0, 0, 5;
    %store/vec4 v0x591e277d3510_0, 0, 5;
    %pushi/vec4 0, 0, 27;
    %store/vec4 v0x591e277509e0_0, 0, 27;
    %pushi/vec4 255, 0, 8;
    %store/vec4 v0x591e277d2c60_0, 0, 8;
    %pushi/vec4 0, 0, 16;
    %store/vec4 v0x591e277d3190_0, 0, 16;
    %pushi/vec4 0, 0, 8;
    %store/vec4 v0x591e277d30b0_0, 0, 8;
    %pushi/vec4 0, 0, 8;
    %store/vec4 v0x591e277d3270_0, 0, 8;
    %pushi/vec4 1, 0, 64;
    %store/vec4 v0x591e277d2de0_0, 0, 64;
    %fork TD_tb_lphy_sb_pkt_enc.apply_all, S_0x591e277543e0;
    %join;
    %free S_0x591e277543e0;
    %alloc S_0x591e277d4460;
    %pushi/str "A-64bMemW";
    %store/str v0x591e277d4770_0;
    %load/vec4 v0x591e277deb80_0;
    %store/vec4 v0x591e277d46b0_0, 0, 1;
    %pushi/vec4 1, 0, 1;
    %store/vec4 v0x591e277d45f0_0, 0, 1;
    %fork TD_tb_lphy_sb_pkt_enc.chk1, S_0x591e277d4460;
    %join;
    %free S_0x591e277d4460;
    %alloc S_0x591e277d4810;
    %pushi/str "A-64bMemW-op";
    %store/str v0x591e277d4bd0_0;
    %pushi/vec4 0, 0, 59;
    %alloc S_0x591e277d7b00;
    %load/vec4 v0x591e277de4f0_0;
    %store/vec4 v0x591e277d7de0_0, 0, 64;
    %callf/vec4 TD_tb_lphy_sb_pkt_enc.ext_opcode, S_0x591e277d7b00;
    %free S_0x591e277d7b00;
    %concat/vec4; draw_concat_vec4
    %store/vec4 v0x591e277d4af0_0, 0, 64;
    %pushi/vec4 9, 0, 64;
    %store/vec4 v0x591e277d49f0_0, 0, 64;
    %pushi/vec4 5, 0, 32;
    %store/vec4 v0x591e277d4d50_0, 0, 32;
    %fork TD_tb_lphy_sb_pkt_enc.chkN, S_0x591e277d4810;
    %join;
    %free S_0x591e277d4810;
    %alloc S_0x591e277543e0;
    %pushi/vec4 13, 0, 5;
    %store/vec4 v0x591e277d3350_0, 0, 5;
    %pushi/vec4 1, 0, 3;
    %store/vec4 v0x591e277d3430_0, 0, 3;
    %pushi/vec4 6, 0, 3;
    %store/vec4 v0x591e277d2ec0_0, 0, 3;
    %pushi/vec4 0, 0, 1;
    %store/vec4 v0x591e277d2d40_0, 0, 1;
    %pushi/vec4 0, 0, 1;
    %store/vec4 v0x591e277d2ff0_0, 0, 1;
    %pushi/vec4 0, 0, 5;
    %store/vec4 v0x591e277d3510_0, 0, 5;
    %pushi/vec4 0, 0, 27;
    %store/vec4 v0x591e277509e0_0, 0, 27;
    %pushi/vec4 255, 0, 8;
    %store/vec4 v0x591e277d2c60_0, 0, 8;
    %pushi/vec4 0, 0, 16;
    %store/vec4 v0x591e277d3190_0, 0, 16;
    %pushi/vec4 0, 0, 8;
    %store/vec4 v0x591e277d30b0_0, 0, 8;
    %pushi/vec4 0, 0, 8;
    %store/vec4 v0x591e277d3270_0, 0, 8;
    %pushi/vec4 1, 0, 64;
    %store/vec4 v0x591e277d2de0_0, 0, 64;
    %fork TD_tb_lphy_sb_pkt_enc.apply_all, S_0x591e277543e0;
    %join;
    %free S_0x591e277543e0;
    %alloc S_0x591e277d4460;
    %pushi/str "A-64bCfgW";
    %store/str v0x591e277d4770_0;
    %load/vec4 v0x591e277deb80_0;
    %store/vec4 v0x591e277d46b0_0, 0, 1;
    %pushi/vec4 1, 0, 1;
    %store/vec4 v0x591e277d45f0_0, 0, 1;
    %fork TD_tb_lphy_sb_pkt_enc.chk1, S_0x591e277d4460;
    %join;
    %free S_0x591e277d4460;
    %alloc S_0x591e277d4810;
    %pushi/str "A-64bCfgW-op";
    %store/str v0x591e277d4bd0_0;
    %pushi/vec4 0, 0, 59;
    %alloc S_0x591e277d7b00;
    %load/vec4 v0x591e277de4f0_0;
    %store/vec4 v0x591e277d7de0_0, 0, 64;
    %callf/vec4 TD_tb_lphy_sb_pkt_enc.ext_opcode, S_0x591e277d7b00;
    %free S_0x591e277d7b00;
    %concat/vec4; draw_concat_vec4
    %store/vec4 v0x591e277d4af0_0, 0, 64;
    %pushi/vec4 13, 0, 64;
    %store/vec4 v0x591e277d49f0_0, 0, 64;
    %pushi/vec4 5, 0, 32;
    %store/vec4 v0x591e277d4d50_0, 0, 32;
    %fork TD_tb_lphy_sb_pkt_enc.chkN, S_0x591e277d4810;
    %join;
    %free S_0x591e277d4810;
    %alloc S_0x591e277543e0;
    %pushi/vec4 16, 0, 5;
    %store/vec4 v0x591e277d3350_0, 0, 5;
    %pushi/vec4 1, 0, 3;
    %store/vec4 v0x591e277d3430_0, 0, 3;
    %pushi/vec4 5, 0, 3;
    %store/vec4 v0x591e277d2ec0_0, 0, 3;
    %pushi/vec4 0, 0, 1;
    %store/vec4 v0x591e277d2d40_0, 0, 1;
    %pushi/vec4 0, 0, 1;
    %store/vec4 v0x591e277d2ff0_0, 0, 1;
    %pushi/vec4 0, 0, 5;
    %store/vec4 v0x591e277d3510_0, 0, 5;
    %pushi/vec4 0, 0, 27;
    %store/vec4 v0x591e277509e0_0, 0, 27;
    %pushi/vec4 255, 0, 8;
    %store/vec4 v0x591e277d2c60_0, 0, 8;
    %pushi/vec4 0, 0, 16;
    %store/vec4 v0x591e277d3190_0, 0, 16;
    %pushi/vec4 0, 0, 8;
    %store/vec4 v0x591e277d30b0_0, 0, 8;
    %pushi/vec4 0, 0, 8;
    %store/vec4 v0x591e277d3270_0, 0, 8;
    %pushi/vec4 0, 0, 64;
    %store/vec4 v0x591e277d2de0_0, 0, 64;
    %fork TD_tb_lphy_sb_pkt_enc.apply_all, S_0x591e277543e0;
    %join;
    %free S_0x591e277543e0;
    %alloc S_0x591e277d4460;
    %pushi/str "A-CplNoD";
    %store/str v0x591e277d4770_0;
    %load/vec4 v0x591e277deb80_0;
    %store/vec4 v0x591e277d46b0_0, 0, 1;
    %pushi/vec4 0, 0, 1;
    %store/vec4 v0x591e277d45f0_0, 0, 1;
    %fork TD_tb_lphy_sb_pkt_enc.chk1, S_0x591e277d4460;
    %join;
    %free S_0x591e277d4460;
    %alloc S_0x591e277d4810;
    %pushi/str "A-CplNoD-op";
    %store/str v0x591e277d4bd0_0;
    %pushi/vec4 0, 0, 59;
    %alloc S_0x591e277d7b00;
    %load/vec4 v0x591e277de4f0_0;
    %store/vec4 v0x591e277d7de0_0, 0, 64;
    %callf/vec4 TD_tb_lphy_sb_pkt_enc.ext_opcode, S_0x591e277d7b00;
    %free S_0x591e277d7b00;
    %concat/vec4; draw_concat_vec4
    %store/vec4 v0x591e277d4af0_0, 0, 64;
    %pushi/vec4 16, 0, 64;
    %store/vec4 v0x591e277d49f0_0, 0, 64;
    %pushi/vec4 5, 0, 32;
    %store/vec4 v0x591e277d4d50_0, 0, 32;
    %fork TD_tb_lphy_sb_pkt_enc.chkN, S_0x591e277d4810;
    %join;
    %free S_0x591e277d4810;
    %alloc S_0x591e277543e0;
    %pushi/vec4 17, 0, 5;
    %store/vec4 v0x591e277d3350_0, 0, 5;
    %pushi/vec4 1, 0, 3;
    %store/vec4 v0x591e277d3430_0, 0, 3;
    %pushi/vec4 5, 0, 3;
    %store/vec4 v0x591e277d2ec0_0, 0, 3;
    %pushi/vec4 0, 0, 1;
    %store/vec4 v0x591e277d2d40_0, 0, 1;
    %pushi/vec4 0, 0, 1;
    %store/vec4 v0x591e277d2ff0_0, 0, 1;
    %pushi/vec4 0, 0, 5;
    %store/vec4 v0x591e277d3510_0, 0, 5;
    %pushi/vec4 0, 0, 27;
    %store/vec4 v0x591e277509e0_0, 0, 27;
    %pushi/vec4 255, 0, 8;
    %store/vec4 v0x591e277d2c60_0, 0, 8;
    %pushi/vec4 0, 0, 16;
    %store/vec4 v0x591e277d3190_0, 0, 16;
    %pushi/vec4 0, 0, 8;
    %store/vec4 v0x591e277d30b0_0, 0, 8;
    %pushi/vec4 0, 0, 8;
    %store/vec4 v0x591e277d3270_0, 0, 8;
    %pushi/vec4 1, 0, 64;
    %store/vec4 v0x591e277d2de0_0, 0, 64;
    %fork TD_tb_lphy_sb_pkt_enc.apply_all, S_0x591e277543e0;
    %join;
    %free S_0x591e277543e0;
    %alloc S_0x591e277d4460;
    %pushi/str "A-Cpl32b";
    %store/str v0x591e277d4770_0;
    %load/vec4 v0x591e277deb80_0;
    %store/vec4 v0x591e277d46b0_0, 0, 1;
    %pushi/vec4 1, 0, 1;
    %store/vec4 v0x591e277d45f0_0, 0, 1;
    %fork TD_tb_lphy_sb_pkt_enc.chk1, S_0x591e277d4460;
    %join;
    %free S_0x591e277d4460;
    %alloc S_0x591e277d4810;
    %pushi/str "A-Cpl32b-op";
    %store/str v0x591e277d4bd0_0;
    %pushi/vec4 0, 0, 59;
    %alloc S_0x591e277d7b00;
    %load/vec4 v0x591e277de4f0_0;
    %store/vec4 v0x591e277d7de0_0, 0, 64;
    %callf/vec4 TD_tb_lphy_sb_pkt_enc.ext_opcode, S_0x591e277d7b00;
    %free S_0x591e277d7b00;
    %concat/vec4; draw_concat_vec4
    %store/vec4 v0x591e277d4af0_0, 0, 64;
    %pushi/vec4 17, 0, 64;
    %store/vec4 v0x591e277d49f0_0, 0, 64;
    %pushi/vec4 5, 0, 32;
    %store/vec4 v0x591e277d4d50_0, 0, 32;
    %fork TD_tb_lphy_sb_pkt_enc.chkN, S_0x591e277d4810;
    %join;
    %free S_0x591e277d4810;
    %alloc S_0x591e277543e0;
    %pushi/vec4 25, 0, 5;
    %store/vec4 v0x591e277d3350_0, 0, 5;
    %pushi/vec4 1, 0, 3;
    %store/vec4 v0x591e277d3430_0, 0, 3;
    %pushi/vec4 5, 0, 3;
    %store/vec4 v0x591e277d2ec0_0, 0, 3;
    %pushi/vec4 0, 0, 1;
    %store/vec4 v0x591e277d2d40_0, 0, 1;
    %pushi/vec4 0, 0, 1;
    %store/vec4 v0x591e277d2ff0_0, 0, 1;
    %pushi/vec4 0, 0, 5;
    %store/vec4 v0x591e277d3510_0, 0, 5;
    %pushi/vec4 0, 0, 27;
    %store/vec4 v0x591e277509e0_0, 0, 27;
    %pushi/vec4 255, 0, 8;
    %store/vec4 v0x591e277d2c60_0, 0, 8;
    %pushi/vec4 0, 0, 16;
    %store/vec4 v0x591e277d3190_0, 0, 16;
    %pushi/vec4 0, 0, 8;
    %store/vec4 v0x591e277d30b0_0, 0, 8;
    %pushi/vec4 0, 0, 8;
    %store/vec4 v0x591e277d3270_0, 0, 8;
    %pushi/vec4 1, 0, 64;
    %store/vec4 v0x591e277d2de0_0, 0, 64;
    %fork TD_tb_lphy_sb_pkt_enc.apply_all, S_0x591e277543e0;
    %join;
    %free S_0x591e277543e0;
    %alloc S_0x591e277d4460;
    %pushi/str "A-Cpl64b";
    %store/str v0x591e277d4770_0;
    %load/vec4 v0x591e277deb80_0;
    %store/vec4 v0x591e277d46b0_0, 0, 1;
    %pushi/vec4 1, 0, 1;
    %store/vec4 v0x591e277d45f0_0, 0, 1;
    %fork TD_tb_lphy_sb_pkt_enc.chk1, S_0x591e277d4460;
    %join;
    %free S_0x591e277d4460;
    %alloc S_0x591e277d4810;
    %pushi/str "A-Cpl64b-op";
    %store/str v0x591e277d4bd0_0;
    %pushi/vec4 0, 0, 59;
    %alloc S_0x591e277d7b00;
    %load/vec4 v0x591e277de4f0_0;
    %store/vec4 v0x591e277d7de0_0, 0, 64;
    %callf/vec4 TD_tb_lphy_sb_pkt_enc.ext_opcode, S_0x591e277d7b00;
    %free S_0x591e277d7b00;
    %concat/vec4; draw_concat_vec4
    %store/vec4 v0x591e277d4af0_0, 0, 64;
    %pushi/vec4 25, 0, 64;
    %store/vec4 v0x591e277d49f0_0, 0, 64;
    %pushi/vec4 5, 0, 32;
    %store/vec4 v0x591e277d4d50_0, 0, 32;
    %fork TD_tb_lphy_sb_pkt_enc.chkN, S_0x591e277d4810;
    %join;
    %free S_0x591e277d4810;
    %alloc S_0x591e277543e0;
    %pushi/vec4 18, 0, 5;
    %store/vec4 v0x591e277d3350_0, 0, 5;
    %pushi/vec4 2, 0, 3;
    %store/vec4 v0x591e277d3430_0, 0, 3;
    %pushi/vec4 5, 0, 3;
    %store/vec4 v0x591e277d2ec0_0, 0, 3;
    %pushi/vec4 0, 0, 1;
    %store/vec4 v0x591e277d2d40_0, 0, 1;
    %pushi/vec4 0, 0, 1;
    %store/vec4 v0x591e277d2ff0_0, 0, 1;
    %pushi/vec4 0, 0, 5;
    %store/vec4 v0x591e277d3510_0, 0, 5;
    %pushi/vec4 0, 0, 27;
    %store/vec4 v0x591e277509e0_0, 0, 27;
    %pushi/vec4 0, 0, 8;
    %store/vec4 v0x591e277d2c60_0, 0, 8;
    %pushi/vec4 0, 0, 16;
    %store/vec4 v0x591e277d3190_0, 0, 16;
    %pushi/vec4 149, 0, 8;
    %store/vec4 v0x591e277d30b0_0, 0, 8;
    %pushi/vec4 1, 0, 8;
    %store/vec4 v0x591e277d3270_0, 0, 8;
    %pushi/vec4 0, 0, 64;
    %store/vec4 v0x591e277d2de0_0, 0, 64;
    %fork TD_tb_lphy_sb_pkt_enc.apply_all, S_0x591e277543e0;
    %join;
    %free S_0x591e277543e0;
    %alloc S_0x591e277d4460;
    %pushi/str "A-MsgNoD";
    %store/str v0x591e277d4770_0;
    %load/vec4 v0x591e277deb80_0;
    %store/vec4 v0x591e277d46b0_0, 0, 1;
    %pushi/vec4 0, 0, 1;
    %store/vec4 v0x591e277d45f0_0, 0, 1;
    %fork TD_tb_lphy_sb_pkt_enc.chk1, S_0x591e277d4460;
    %join;
    %free S_0x591e277d4460;
    %alloc S_0x591e277d4810;
    %pushi/str "A-MsgNoD-op";
    %store/str v0x591e277d4bd0_0;
    %pushi/vec4 0, 0, 59;
    %alloc S_0x591e277d7b00;
    %load/vec4 v0x591e277de4f0_0;
    %store/vec4 v0x591e277d7de0_0, 0, 64;
    %callf/vec4 TD_tb_lphy_sb_pkt_enc.ext_opcode, S_0x591e277d7b00;
    %free S_0x591e277d7b00;
    %concat/vec4; draw_concat_vec4
    %store/vec4 v0x591e277d4af0_0, 0, 64;
    %pushi/vec4 18, 0, 64;
    %store/vec4 v0x591e277d49f0_0, 0, 64;
    %pushi/vec4 5, 0, 32;
    %store/vec4 v0x591e277d4d50_0, 0, 32;
    %fork TD_tb_lphy_sb_pkt_enc.chkN, S_0x591e277d4810;
    %join;
    %free S_0x591e277d4810;
    %alloc S_0x591e277543e0;
    %pushi/vec4 27, 0, 5;
    %store/vec4 v0x591e277d3350_0, 0, 5;
    %pushi/vec4 1, 0, 3;
    %store/vec4 v0x591e277d3430_0, 0, 3;
    %pushi/vec4 5, 0, 3;
    %store/vec4 v0x591e277d2ec0_0, 0, 3;
    %pushi/vec4 0, 0, 1;
    %store/vec4 v0x591e277d2d40_0, 0, 1;
    %pushi/vec4 0, 0, 1;
    %store/vec4 v0x591e277d2ff0_0, 0, 1;
    %pushi/vec4 0, 0, 5;
    %store/vec4 v0x591e277d3510_0, 0, 5;
    %pushi/vec4 0, 0, 27;
    %store/vec4 v0x591e277509e0_0, 0, 27;
    %pushi/vec4 0, 0, 8;
    %store/vec4 v0x591e277d2c60_0, 0, 8;
    %pushi/vec4 0, 0, 16;
    %store/vec4 v0x591e277d3190_0, 0, 16;
    %pushi/vec4 1, 0, 8;
    %store/vec4 v0x591e277d30b0_0, 0, 8;
    %pushi/vec4 0, 0, 8;
    %store/vec4 v0x591e277d3270_0, 0, 8;
    %pushi/vec4 63, 0, 64;
    %store/vec4 v0x591e277d2de0_0, 0, 64;
    %fork TD_tb_lphy_sb_pkt_enc.apply_all, S_0x591e277543e0;
    %join;
    %free S_0x591e277543e0;
    %alloc S_0x591e277d4460;
    %pushi/str "A-Msg64b";
    %store/str v0x591e277d4770_0;
    %load/vec4 v0x591e277deb80_0;
    %store/vec4 v0x591e277d46b0_0, 0, 1;
    %pushi/vec4 1, 0, 1;
    %store/vec4 v0x591e277d45f0_0, 0, 1;
    %fork TD_tb_lphy_sb_pkt_enc.chk1, S_0x591e277d4460;
    %join;
    %free S_0x591e277d4460;
    %alloc S_0x591e277d4810;
    %pushi/str "A-Msg64b-op";
    %store/str v0x591e277d4bd0_0;
    %pushi/vec4 0, 0, 59;
    %alloc S_0x591e277d7b00;
    %load/vec4 v0x591e277de4f0_0;
    %store/vec4 v0x591e277d7de0_0, 0, 64;
    %callf/vec4 TD_tb_lphy_sb_pkt_enc.ext_opcode, S_0x591e277d7b00;
    %free S_0x591e277d7b00;
    %concat/vec4; draw_concat_vec4
    %store/vec4 v0x591e277d4af0_0, 0, 64;
    %pushi/vec4 27, 0, 64;
    %store/vec4 v0x591e277d49f0_0, 0, 64;
    %pushi/vec4 5, 0, 32;
    %store/vec4 v0x591e277d4d50_0, 0, 32;
    %fork TD_tb_lphy_sb_pkt_enc.chkN, S_0x591e277d4810;
    %join;
    %free S_0x591e277d4810;
    %load/vec4 v0x591e277de900_0;
    %load/vec4 v0x591e277de3b0_0;
    %add;
    %vpi_call/w 3 245 "$display", "  Group A: all 13 opcodes checked (%0d assertions so far)", S<0,vec4,s32> {1 0 0};
    %vpi_call/w 3 250 "$display", "\000" {0 0 0};
    %vpi_call/w 3 251 "$display", "--- Group B : Register access field packing ---" {0 0 0};
    %load/vec4 v0x591e277de3b0_0;
    %store/vec4 v0x591e277de450_0, 0, 32;
    %alloc S_0x591e277543e0;
    %pushi/vec4 0, 0, 5;
    %store/vec4 v0x591e277d3350_0, 0, 5;
    %pushi/vec4 1, 0, 3;
    %store/vec4 v0x591e277d3430_0, 0, 3;
    %pushi/vec4 6, 0, 3;
    %store/vec4 v0x591e277d2ec0_0, 0, 3;
    %pushi/vec4 0, 0, 1;
    %store/vec4 v0x591e277d2d40_0, 0, 1;
    %pushi/vec4 0, 0, 1;
    %store/vec4 v0x591e277d2ff0_0, 0, 1;
    %pushi/vec4 7, 0, 5;
    %store/vec4 v0x591e277d3510_0, 0, 5;
    %pushi/vec4 8064, 0, 27;
    %store/vec4 v0x591e277509e0_0, 0, 27;
    %pushi/vec4 255, 0, 8;
    %store/vec4 v0x591e277d2c60_0, 0, 8;
    %pushi/vec4 0, 0, 16;
    %store/vec4 v0x591e277d3190_0, 0, 16;
    %pushi/vec4 0, 0, 8;
    %store/vec4 v0x591e277d30b0_0, 0, 8;
    %pushi/vec4 0, 0, 8;
    %store/vec4 v0x591e277d3270_0, 0, 8;
    %pushi/vec4 0, 0, 64;
    %store/vec4 v0x591e277d2de0_0, 0, 64;
    %fork TD_tb_lphy_sb_pkt_enc.apply_all, S_0x591e277543e0;
    %join;
    %free S_0x591e277543e0;
    %alloc S_0x591e277d4810;
    %pushi/str "B1-srcid";
    %store/str v0x591e277d4bd0_0;
    %alloc S_0x591e277d7ec0;
    %load/vec4 v0x591e277de4f0_0;
    %store/vec4 v0x591e277d81a0_0, 0, 64;
    %callf/vec4 TD_tb_lphy_sb_pkt_enc.ext_srcid, S_0x591e277d7ec0;
    %free S_0x591e277d7ec0;
    %pad/u 64;
    %store/vec4 v0x591e277d4af0_0, 0, 64;
    %pushi/vec4 1, 0, 64;
    %store/vec4 v0x591e277d49f0_0, 0, 64;
    %pushi/vec4 3, 0, 32;
    %store/vec4 v0x591e277d4d50_0, 0, 32;
    %fork TD_tb_lphy_sb_pkt_enc.chkN, S_0x591e277d4810;
    %join;
    %free S_0x591e277d4810;
    %alloc S_0x591e277d4810;
    %pushi/str "B1-dstid";
    %store/str v0x591e277d4bd0_0;
    %alloc S_0x591e277d6860;
    %load/vec4 v0x591e277de4f0_0;
    %store/vec4 v0x591e277d6b40_0, 0, 64;
    %callf/vec4 TD_tb_lphy_sb_pkt_enc.ext_dstid, S_0x591e277d6860;
    %free S_0x591e277d6860;
    %pad/u 64;
    %store/vec4 v0x591e277d4af0_0, 0, 64;
    %pushi/vec4 6, 0, 64;
    %store/vec4 v0x591e277d49f0_0, 0, 64;
    %pushi/vec4 3, 0, 32;
    %store/vec4 v0x591e277d4d50_0, 0, 32;
    %fork TD_tb_lphy_sb_pkt_enc.chkN, S_0x591e277d4810;
    %join;
    %free S_0x591e277d4810;
    %alloc S_0x591e277d4810;
    %pushi/str "B1-tag";
    %store/str v0x591e277d4bd0_0;
    %alloc S_0x591e277d8280;
    %load/vec4 v0x591e277de4f0_0;
    %store/vec4 v0x591e277d8560_0, 0, 64;
    %callf/vec4 TD_tb_lphy_sb_pkt_enc.ext_tag, S_0x591e277d8280;
    %free S_0x591e277d8280;
    %pad/u 64;
    %store/vec4 v0x591e277d4af0_0, 0, 64;
    %pushi/vec4 7, 0, 64;
    %store/vec4 v0x591e277d49f0_0, 0, 64;
    %pushi/vec4 5, 0, 32;
    %store/vec4 v0x591e277d4d50_0, 0, 32;
    %fork TD_tb_lphy_sb_pkt_enc.chkN, S_0x591e277d4810;
    %join;
    %free S_0x591e277d4810;
    %alloc S_0x591e277d4810;
    %pushi/str "B1-addr";
    %store/str v0x591e277d4bd0_0;
    %alloc S_0x591e277d55c0;
    %load/vec4 v0x591e277de4f0_0;
    %store/vec4 v0x591e277d58a0_0, 0, 64;
    %callf/vec4 TD_tb_lphy_sb_pkt_enc.ext_addr, S_0x591e277d55c0;
    %free S_0x591e277d55c0;
    %pad/u 64;
    %store/vec4 v0x591e277d4af0_0, 0, 64;
    %pushi/vec4 8064, 0, 64;
    %store/vec4 v0x591e277d49f0_0, 0, 64;
    %pushi/vec4 27, 0, 32;
    %store/vec4 v0x591e277d4d50_0, 0, 32;
    %fork TD_tb_lphy_sb_pkt_enc.chkN, S_0x591e277d4810;
    %join;
    %free S_0x591e277d4810;
    %alloc S_0x591e277d4810;
    %pushi/str "B1-be";
    %store/str v0x591e277d4bd0_0;
    %alloc S_0x591e277d5980;
    %load/vec4 v0x591e277de4f0_0;
    %store/vec4 v0x591e277d5c60_0, 0, 64;
    %callf/vec4 TD_tb_lphy_sb_pkt_enc.ext_be, S_0x591e277d5980;
    %free S_0x591e277d5980;
    %pad/u 64;
    %store/vec4 v0x591e277d4af0_0, 0, 64;
    %pushi/vec4 255, 0, 64;
    %store/vec4 v0x591e277d49f0_0, 0, 64;
    %pushi/vec4 8, 0, 32;
    %store/vec4 v0x591e277d4d50_0, 0, 32;
    %fork TD_tb_lphy_sb_pkt_enc.chkN, S_0x591e277d4810;
    %join;
    %free S_0x591e277d4810;
    %alloc S_0x591e277d4460;
    %pushi/str "B1-ep";
    %store/str v0x591e277d4770_0;
    %alloc S_0x591e277d6c20;
    %load/vec4 v0x591e277de4f0_0;
    %store/vec4 v0x591e277d6ee0_0, 0, 64;
    %callf/vec4 TD_tb_lphy_sb_pkt_enc.ext_ep, S_0x591e277d6c20;
    %free S_0x591e277d6c20;
    %store/vec4 v0x591e277d46b0_0, 0, 1;
    %pushi/vec4 0, 0, 1;
    %store/vec4 v0x591e277d45f0_0, 0, 1;
    %fork TD_tb_lphy_sb_pkt_enc.chk1, S_0x591e277d4460;
    %join;
    %free S_0x591e277d4460;
    %alloc S_0x591e277d4460;
    %pushi/str "B1-cr";
    %store/str v0x591e277d4770_0;
    %alloc S_0x591e277d60e0;
    %load/vec4 v0x591e277de4f0_0;
    %store/vec4 v0x591e277d6430_0, 0, 64;
    %callf/vec4 TD_tb_lphy_sb_pkt_enc.ext_cr, S_0x591e277d60e0;
    %free S_0x591e277d60e0;
    %store/vec4 v0x591e277d46b0_0, 0, 1;
    %pushi/vec4 0, 0, 1;
    %store/vec4 v0x591e277d45f0_0, 0, 1;
    %fork TD_tb_lphy_sb_pkt_enc.chk1, S_0x591e277d4460;
    %join;
    %free S_0x591e277d4460;
    %alloc S_0x591e277d4460;
    %pushi/str "B1-nod";
    %store/str v0x591e277d4770_0;
    %load/vec4 v0x591e277deb80_0;
    %store/vec4 v0x591e277d46b0_0, 0, 1;
    %pushi/vec4 0, 0, 1;
    %store/vec4 v0x591e277d45f0_0, 0, 1;
    %fork TD_tb_lphy_sb_pkt_enc.chk1, S_0x591e277d4460;
    %join;
    %free S_0x591e277d4460;
    %alloc S_0x591e277d4460;
    %pushi/str "B1-dout0";
    %store/str v0x591e277d4770_0;
    %load/vec4 v0x591e277ddfb0_0;
    %or/r;
    %store/vec4 v0x591e277d46b0_0, 0, 1;
    %pushi/vec4 0, 0, 1;
    %store/vec4 v0x591e277d45f0_0, 0, 1;
    %fork TD_tb_lphy_sb_pkt_enc.chk1, S_0x591e277d4460;
    %join;
    %free S_0x591e277d4460;
    %alloc S_0x591e277d4e80;
    %pushi/str "B1";
    %store/str v0x591e277d5500_0;
    %load/vec4 v0x591e277de4f0_0;
    %store/vec4 v0x591e277d5310_0, 0, 64;
    %load/vec4 v0x591e277ddfb0_0;
    %store/vec4 v0x591e277d50b0_0, 0, 64;
    %load/vec4 v0x591e277deb80_0;
    %store/vec4 v0x591e277d53f0_0, 0, 1;
    %fork TD_tb_lphy_sb_pkt_enc.chk_parity, S_0x591e277d4e80;
    %join;
    %free S_0x591e277d4e80;
    %load/vec4 v0x591e277de3b0_0;
    %load/vec4 v0x591e277de450_0;
    %cmp/e;
    %flag_mov 8, 4;
    %jmp/0 T_21.0, 8;
    %pushi/vec4 1346458451, 0, 32; draw_string_vec4
    %jmp/1 T_21.1, 8;
T_21.0 ; End of true expr.
    %pushi/vec4 1178683724, 0, 32; draw_string_vec4
    %jmp/0 T_21.1, 8;
 ; End of false expr.
    %blend;
T_21.1;
    %vpi_call/w 3 268 "$display", "  B1 32bMemRead  hdr=0x%016h  [%s]", v0x591e277de4f0_0, S<0,vec4,u32> {1 0 0};
    %load/vec4 v0x591e277de3b0_0;
    %store/vec4 v0x591e277de450_0, 0, 32;
    %alloc S_0x591e277543e0;
    %pushi/vec4 9, 0, 5;
    %store/vec4 v0x591e277d3350_0, 0, 5;
    %pushi/vec4 1, 0, 3;
    %store/vec4 v0x591e277d3430_0, 0, 3;
    %pushi/vec4 6, 0, 3;
    %store/vec4 v0x591e277d2ec0_0, 0, 3;
    %pushi/vec4 0, 0, 1;
    %store/vec4 v0x591e277d2d40_0, 0, 1;
    %pushi/vec4 1, 0, 1;
    %store/vec4 v0x591e277d2ff0_0, 0, 1;
    %pushi/vec4 15, 0, 5;
    %store/vec4 v0x591e277d3510_0, 0, 5;
    %pushi/vec4 67108862, 0, 27;
    %store/vec4 v0x591e277509e0_0, 0, 27;
    %pushi/vec4 255, 0, 8;
    %store/vec4 v0x591e277d2c60_0, 0, 8;
    %pushi/vec4 0, 0, 16;
    %store/vec4 v0x591e277d3190_0, 0, 16;
    %pushi/vec4 0, 0, 8;
    %store/vec4 v0x591e277d30b0_0, 0, 8;
    %pushi/vec4 0, 0, 8;
    %store/vec4 v0x591e277d3270_0, 0, 8;
    %pushi/vec4 3735928559, 0, 32;
    %concati/vec4 3405705229, 0, 32;
    %store/vec4 v0x591e277d2de0_0, 0, 64;
    %fork TD_tb_lphy_sb_pkt_enc.apply_all, S_0x591e277543e0;
    %join;
    %free S_0x591e277543e0;
    %alloc S_0x591e277d4810;
    %pushi/str "B2-tag";
    %store/str v0x591e277d4bd0_0;
    %alloc S_0x591e277d8280;
    %load/vec4 v0x591e277de4f0_0;
    %store/vec4 v0x591e277d8560_0, 0, 64;
    %callf/vec4 TD_tb_lphy_sb_pkt_enc.ext_tag, S_0x591e277d8280;
    %free S_0x591e277d8280;
    %pad/u 64;
    %store/vec4 v0x591e277d4af0_0, 0, 64;
    %pushi/vec4 15, 0, 64;
    %store/vec4 v0x591e277d49f0_0, 0, 64;
    %pushi/vec4 5, 0, 32;
    %store/vec4 v0x591e277d4d50_0, 0, 32;
    %fork TD_tb_lphy_sb_pkt_enc.chkN, S_0x591e277d4810;
    %join;
    %free S_0x591e277d4810;
    %alloc S_0x591e277d4810;
    %pushi/str "B2-addr";
    %store/str v0x591e277d4bd0_0;
    %alloc S_0x591e277d55c0;
    %load/vec4 v0x591e277de4f0_0;
    %store/vec4 v0x591e277d58a0_0, 0, 64;
    %callf/vec4 TD_tb_lphy_sb_pkt_enc.ext_addr, S_0x591e277d55c0;
    %free S_0x591e277d55c0;
    %pad/u 64;
    %store/vec4 v0x591e277d4af0_0, 0, 64;
    %pushi/vec4 67108862, 0, 64;
    %store/vec4 v0x591e277d49f0_0, 0, 64;
    %pushi/vec4 27, 0, 32;
    %store/vec4 v0x591e277d4d50_0, 0, 32;
    %fork TD_tb_lphy_sb_pkt_enc.chkN, S_0x591e277d4810;
    %join;
    %free S_0x591e277d4810;
    %alloc S_0x591e277d4460;
    %pushi/str "B2-ep";
    %store/str v0x591e277d4770_0;
    %alloc S_0x591e277d6c20;
    %load/vec4 v0x591e277de4f0_0;
    %store/vec4 v0x591e277d6ee0_0, 0, 64;
    %callf/vec4 TD_tb_lphy_sb_pkt_enc.ext_ep, S_0x591e277d6c20;
    %free S_0x591e277d6c20;
    %store/vec4 v0x591e277d46b0_0, 0, 1;
    %pushi/vec4 1, 0, 1;
    %store/vec4 v0x591e277d45f0_0, 0, 1;
    %fork TD_tb_lphy_sb_pkt_enc.chk1, S_0x591e277d4460;
    %join;
    %free S_0x591e277d4460;
    %alloc S_0x591e277d4460;
    %pushi/str "B2-2frm";
    %store/str v0x591e277d4770_0;
    %load/vec4 v0x591e277deb80_0;
    %store/vec4 v0x591e277d46b0_0, 0, 1;
    %pushi/vec4 1, 0, 1;
    %store/vec4 v0x591e277d45f0_0, 0, 1;
    %fork TD_tb_lphy_sb_pkt_enc.chk1, S_0x591e277d4460;
    %join;
    %free S_0x591e277d4460;
    %alloc S_0x591e277d4810;
    %pushi/str "B2-data";
    %store/str v0x591e277d4bd0_0;
    %load/vec4 v0x591e277ddfb0_0;
    %store/vec4 v0x591e277d4af0_0, 0, 64;
    %pushi/vec4 3735928559, 0, 32;
    %concati/vec4 3405705229, 0, 32;
    %store/vec4 v0x591e277d49f0_0, 0, 64;
    %pushi/vec4 64, 0, 32;
    %store/vec4 v0x591e277d4d50_0, 0, 32;
    %fork TD_tb_lphy_sb_pkt_enc.chkN, S_0x591e277d4810;
    %join;
    %free S_0x591e277d4810;
    %alloc S_0x591e277d4e80;
    %pushi/str "B2";
    %store/str v0x591e277d5500_0;
    %load/vec4 v0x591e277de4f0_0;
    %store/vec4 v0x591e277d5310_0, 0, 64;
    %load/vec4 v0x591e277ddfb0_0;
    %store/vec4 v0x591e277d50b0_0, 0, 64;
    %load/vec4 v0x591e277deb80_0;
    %store/vec4 v0x591e277d53f0_0, 0, 1;
    %fork TD_tb_lphy_sb_pkt_enc.chk_parity, S_0x591e277d4e80;
    %join;
    %free S_0x591e277d4e80;
    %load/vec4 v0x591e277de3b0_0;
    %load/vec4 v0x591e277de450_0;
    %cmp/e;
    %flag_mov 8, 4;
    %jmp/0 T_21.2, 8;
    %pushi/vec4 1346458451, 0, 32; draw_string_vec4
    %jmp/1 T_21.3, 8;
T_21.2 ; End of true expr.
    %pushi/vec4 1178683724, 0, 32; draw_string_vec4
    %jmp/0 T_21.3, 8;
 ; End of false expr.
    %blend;
T_21.3;
    %vpi_call/w 3 283 "$display", "  B2 64bMemWrite hdr=0x%016h data=0x%016h  [%s]", v0x591e277de4f0_0, v0x591e277ddfb0_0, S<0,vec4,u32> {1 0 0};
    %load/vec4 v0x591e277de3b0_0;
    %store/vec4 v0x591e277de450_0, 0, 32;
    %alloc S_0x591e277543e0;
    %pushi/vec4 4, 0, 5;
    %store/vec4 v0x591e277d3350_0, 0, 5;
    %pushi/vec4 1, 0, 3;
    %store/vec4 v0x591e277d3430_0, 0, 3;
    %pushi/vec4 5, 0, 3;
    %store/vec4 v0x591e277d2ec0_0, 0, 3;
    %pushi/vec4 1, 0, 1;
    %store/vec4 v0x591e277d2d40_0, 0, 1;
    %pushi/vec4 0, 0, 1;
    %store/vec4 v0x591e277d2ff0_0, 0, 1;
    %pushi/vec4 3, 0, 5;
    %store/vec4 v0x591e277d3510_0, 0, 5;
    %pushi/vec4 256, 0, 27;
    %store/vec4 v0x591e277509e0_0, 0, 27;
    %pushi/vec4 15, 0, 8;
    %store/vec4 v0x591e277d2c60_0, 0, 8;
    %pushi/vec4 0, 0, 16;
    %store/vec4 v0x591e277d3190_0, 0, 16;
    %pushi/vec4 0, 0, 8;
    %store/vec4 v0x591e277d30b0_0, 0, 8;
    %pushi/vec4 0, 0, 8;
    %store/vec4 v0x591e277d3270_0, 0, 8;
    %pushi/vec4 0, 0, 64;
    %store/vec4 v0x591e277d2de0_0, 0, 64;
    %fork TD_tb_lphy_sb_pkt_enc.apply_all, S_0x591e277543e0;
    %join;
    %free S_0x591e277543e0;
    %alloc S_0x591e277d4460;
    %pushi/str "B3-cr";
    %store/str v0x591e277d4770_0;
    %alloc S_0x591e277d60e0;
    %load/vec4 v0x591e277de4f0_0;
    %store/vec4 v0x591e277d6430_0, 0, 64;
    %callf/vec4 TD_tb_lphy_sb_pkt_enc.ext_cr, S_0x591e277d60e0;
    %free S_0x591e277d60e0;
    %store/vec4 v0x591e277d46b0_0, 0, 1;
    %pushi/vec4 1, 0, 1;
    %store/vec4 v0x591e277d45f0_0, 0, 1;
    %fork TD_tb_lphy_sb_pkt_enc.chk1, S_0x591e277d4460;
    %join;
    %free S_0x591e277d4460;
    %alloc S_0x591e277d4460;
    %pushi/str "B3-nod";
    %store/str v0x591e277d4770_0;
    %load/vec4 v0x591e277deb80_0;
    %store/vec4 v0x591e277d46b0_0, 0, 1;
    %pushi/vec4 0, 0, 1;
    %store/vec4 v0x591e277d45f0_0, 0, 1;
    %fork TD_tb_lphy_sb_pkt_enc.chk1, S_0x591e277d4460;
    %join;
    %free S_0x591e277d4460;
    %alloc S_0x591e277d4e80;
    %pushi/str "B3";
    %store/str v0x591e277d5500_0;
    %load/vec4 v0x591e277de4f0_0;
    %store/vec4 v0x591e277d5310_0, 0, 64;
    %load/vec4 v0x591e277ddfb0_0;
    %store/vec4 v0x591e277d50b0_0, 0, 64;
    %load/vec4 v0x591e277deb80_0;
    %store/vec4 v0x591e277d53f0_0, 0, 1;
    %fork TD_tb_lphy_sb_pkt_enc.chk_parity, S_0x591e277d4e80;
    %join;
    %free S_0x591e277d4e80;
    %load/vec4 v0x591e277de3b0_0;
    %load/vec4 v0x591e277de450_0;
    %cmp/e;
    %flag_mov 8, 4;
    %jmp/0 T_21.4, 8;
    %pushi/vec4 1346458451, 0, 32; draw_string_vec4
    %jmp/1 T_21.5, 8;
T_21.4 ; End of true expr.
    %pushi/vec4 1178683724, 0, 32; draw_string_vec4
    %jmp/0 T_21.5, 8;
 ; End of false expr.
    %blend;
T_21.5;
    %vpi_call/w 3 294 "$display", "  B3 CrFlag      hdr=0x%016h  [%s]", v0x591e277de4f0_0, S<0,vec4,u32> {1 0 0};
    %vpi_call/w 3 300 "$display", "\000" {0 0 0};
    %vpi_call/w 3 301 "$display", "--- Group C : Completion packets ---" {0 0 0};
    %load/vec4 v0x591e277de3b0_0;
    %store/vec4 v0x591e277de450_0, 0, 32;
    %alloc S_0x591e277543e0;
    %pushi/vec4 16, 0, 5;
    %store/vec4 v0x591e277d3350_0, 0, 5;
    %pushi/vec4 1, 0, 3;
    %store/vec4 v0x591e277d3430_0, 0, 3;
    %pushi/vec4 5, 0, 3;
    %store/vec4 v0x591e277d2ec0_0, 0, 3;
    %pushi/vec4 0, 0, 1;
    %store/vec4 v0x591e277d2d40_0, 0, 1;
    %pushi/vec4 0, 0, 1;
    %store/vec4 v0x591e277d2ff0_0, 0, 1;
    %pushi/vec4 7, 0, 5;
    %store/vec4 v0x591e277d3510_0, 0, 5;
    %pushi/vec4 0, 0, 27;
    %store/vec4 v0x591e277509e0_0, 0, 27;
    %pushi/vec4 255, 0, 8;
    %store/vec4 v0x591e277d2c60_0, 0, 8;
    %pushi/vec4 0, 0, 16;
    %store/vec4 v0x591e277d3190_0, 0, 16;
    %pushi/vec4 0, 0, 8;
    %store/vec4 v0x591e277d30b0_0, 0, 8;
    %pushi/vec4 0, 0, 8;
    %store/vec4 v0x591e277d3270_0, 0, 8;
    %pushi/vec4 0, 0, 64;
    %store/vec4 v0x591e277d2de0_0, 0, 64;
    %fork TD_tb_lphy_sb_pkt_enc.apply_all, S_0x591e277543e0;
    %join;
    %free S_0x591e277543e0;
    %alloc S_0x591e277d4810;
    %pushi/str "C1-tag";
    %store/str v0x591e277d4bd0_0;
    %alloc S_0x591e277d8280;
    %load/vec4 v0x591e277de4f0_0;
    %store/vec4 v0x591e277d8560_0, 0, 64;
    %callf/vec4 TD_tb_lphy_sb_pkt_enc.ext_tag, S_0x591e277d8280;
    %free S_0x591e277d8280;
    %pad/u 64;
    %store/vec4 v0x591e277d4af0_0, 0, 64;
    %pushi/vec4 7, 0, 64;
    %store/vec4 v0x591e277d49f0_0, 0, 64;
    %pushi/vec4 5, 0, 32;
    %store/vec4 v0x591e277d4d50_0, 0, 32;
    %fork TD_tb_lphy_sb_pkt_enc.chkN, S_0x591e277d4810;
    %join;
    %free S_0x591e277d4810;
    %alloc S_0x591e277d4810;
    %pushi/str "C1-be";
    %store/str v0x591e277d4bd0_0;
    %alloc S_0x591e277d5980;
    %load/vec4 v0x591e277de4f0_0;
    %store/vec4 v0x591e277d5c60_0, 0, 64;
    %callf/vec4 TD_tb_lphy_sb_pkt_enc.ext_be, S_0x591e277d5980;
    %free S_0x591e277d5980;
    %pad/u 64;
    %store/vec4 v0x591e277d4af0_0, 0, 64;
    %pushi/vec4 255, 0, 64;
    %store/vec4 v0x591e277d49f0_0, 0, 64;
    %pushi/vec4 8, 0, 32;
    %store/vec4 v0x591e277d4d50_0, 0, 32;
    %fork TD_tb_lphy_sb_pkt_enc.chkN, S_0x591e277d4810;
    %join;
    %free S_0x591e277d4810;
    %alloc S_0x591e277d4810;
    %pushi/str "C1-status";
    %store/str v0x591e277d4bd0_0;
    %pushi/vec4 0, 0, 61;
    %load/vec4 v0x591e277de4f0_0;
    %parti/s 3, 17, 6;
    %concat/vec4; draw_concat_vec4
    %store/vec4 v0x591e277d4af0_0, 0, 64;
    %pushi/vec4 0, 0, 64;
    %store/vec4 v0x591e277d49f0_0, 0, 64;
    %pushi/vec4 3, 0, 32;
    %store/vec4 v0x591e277d4d50_0, 0, 32;
    %fork TD_tb_lphy_sb_pkt_enc.chkN, S_0x591e277d4810;
    %join;
    %free S_0x591e277d4810;
    %alloc S_0x591e277d4460;
    %pushi/str "C1-nod";
    %store/str v0x591e277d4770_0;
    %load/vec4 v0x591e277deb80_0;
    %store/vec4 v0x591e277d46b0_0, 0, 1;
    %pushi/vec4 0, 0, 1;
    %store/vec4 v0x591e277d45f0_0, 0, 1;
    %fork TD_tb_lphy_sb_pkt_enc.chk1, S_0x591e277d4460;
    %join;
    %free S_0x591e277d4460;
    %alloc S_0x591e277d4e80;
    %pushi/str "C1";
    %store/str v0x591e277d5500_0;
    %load/vec4 v0x591e277de4f0_0;
    %store/vec4 v0x591e277d5310_0, 0, 64;
    %load/vec4 v0x591e277ddfb0_0;
    %store/vec4 v0x591e277d50b0_0, 0, 64;
    %load/vec4 v0x591e277deb80_0;
    %store/vec4 v0x591e277d53f0_0, 0, 1;
    %fork TD_tb_lphy_sb_pkt_enc.chk_parity, S_0x591e277d4e80;
    %join;
    %free S_0x591e277d4e80;
    %load/vec4 v0x591e277de3b0_0;
    %load/vec4 v0x591e277de450_0;
    %cmp/e;
    %flag_mov 8, 4;
    %jmp/0 T_21.6, 8;
    %pushi/vec4 1346458451, 0, 32; draw_string_vec4
    %jmp/1 T_21.7, 8;
T_21.6 ; End of true expr.
    %pushi/vec4 1178683724, 0, 32; draw_string_vec4
    %jmp/0 T_21.7, 8;
 ; End of false expr.
    %blend;
T_21.7;
    %vpi_call/w 3 313 "$display", "  C1 CplNoData(SC) hdr=0x%016h  [%s]", v0x591e277de4f0_0, S<0,vec4,u32> {1 0 0};
    %load/vec4 v0x591e277de3b0_0;
    %store/vec4 v0x591e277de450_0, 0, 32;
    %alloc S_0x591e277543e0;
    %pushi/vec4 25, 0, 5;
    %store/vec4 v0x591e277d3350_0, 0, 5;
    %pushi/vec4 1, 0, 3;
    %store/vec4 v0x591e277d3430_0, 0, 3;
    %pushi/vec4 5, 0, 3;
    %store/vec4 v0x591e277d2ec0_0, 0, 3;
    %pushi/vec4 0, 0, 1;
    %store/vec4 v0x591e277d2d40_0, 0, 1;
    %pushi/vec4 0, 0, 1;
    %store/vec4 v0x591e277d2ff0_0, 0, 1;
    %pushi/vec4 12, 0, 5;
    %store/vec4 v0x591e277d3510_0, 0, 5;
    %pushi/vec4 1, 0, 27;
    %store/vec4 v0x591e277509e0_0, 0, 27;
    %pushi/vec4 255, 0, 8;
    %store/vec4 v0x591e277d2c60_0, 0, 8;
    %pushi/vec4 0, 0, 16;
    %store/vec4 v0x591e277d3190_0, 0, 16;
    %pushi/vec4 0, 0, 8;
    %store/vec4 v0x591e277d30b0_0, 0, 8;
    %pushi/vec4 0, 0, 8;
    %store/vec4 v0x591e277d3270_0, 0, 8;
    %pushi/vec4 2882343476, 0, 32;
    %concati/vec4 1450744508, 0, 32;
    %store/vec4 v0x591e277d2de0_0, 0, 64;
    %fork TD_tb_lphy_sb_pkt_enc.apply_all, S_0x591e277543e0;
    %join;
    %free S_0x591e277543e0;
    %alloc S_0x591e277d4810;
    %pushi/str "C2-tag";
    %store/str v0x591e277d4bd0_0;
    %alloc S_0x591e277d8280;
    %load/vec4 v0x591e277de4f0_0;
    %store/vec4 v0x591e277d8560_0, 0, 64;
    %callf/vec4 TD_tb_lphy_sb_pkt_enc.ext_tag, S_0x591e277d8280;
    %free S_0x591e277d8280;
    %pad/u 64;
    %store/vec4 v0x591e277d4af0_0, 0, 64;
    %pushi/vec4 12, 0, 64;
    %store/vec4 v0x591e277d49f0_0, 0, 64;
    %pushi/vec4 5, 0, 32;
    %store/vec4 v0x591e277d4d50_0, 0, 32;
    %fork TD_tb_lphy_sb_pkt_enc.chkN, S_0x591e277d4810;
    %join;
    %free S_0x591e277d4810;
    %alloc S_0x591e277d4810;
    %pushi/str "C2-status";
    %store/str v0x591e277d4bd0_0;
    %pushi/vec4 0, 0, 61;
    %load/vec4 v0x591e277de4f0_0;
    %parti/s 3, 17, 6;
    %concat/vec4; draw_concat_vec4
    %store/vec4 v0x591e277d4af0_0, 0, 64;
    %pushi/vec4 1, 0, 64;
    %store/vec4 v0x591e277d49f0_0, 0, 64;
    %pushi/vec4 3, 0, 32;
    %store/vec4 v0x591e277d4d50_0, 0, 32;
    %fork TD_tb_lphy_sb_pkt_enc.chkN, S_0x591e277d4810;
    %join;
    %free S_0x591e277d4810;
    %alloc S_0x591e277d4460;
    %pushi/str "C2-2frm";
    %store/str v0x591e277d4770_0;
    %load/vec4 v0x591e277deb80_0;
    %store/vec4 v0x591e277d46b0_0, 0, 1;
    %pushi/vec4 1, 0, 1;
    %store/vec4 v0x591e277d45f0_0, 0, 1;
    %fork TD_tb_lphy_sb_pkt_enc.chk1, S_0x591e277d4460;
    %join;
    %free S_0x591e277d4460;
    %alloc S_0x591e277d4810;
    %pushi/str "C2-data";
    %store/str v0x591e277d4bd0_0;
    %load/vec4 v0x591e277ddfb0_0;
    %store/vec4 v0x591e277d4af0_0, 0, 64;
    %pushi/vec4 2882343476, 0, 32;
    %concati/vec4 1450744508, 0, 32;
    %store/vec4 v0x591e277d49f0_0, 0, 64;
    %pushi/vec4 64, 0, 32;
    %store/vec4 v0x591e277d4d50_0, 0, 32;
    %fork TD_tb_lphy_sb_pkt_enc.chkN, S_0x591e277d4810;
    %join;
    %free S_0x591e277d4810;
    %alloc S_0x591e277d4e80;
    %pushi/str "C2";
    %store/str v0x591e277d5500_0;
    %load/vec4 v0x591e277de4f0_0;
    %store/vec4 v0x591e277d5310_0, 0, 64;
    %load/vec4 v0x591e277ddfb0_0;
    %store/vec4 v0x591e277d50b0_0, 0, 64;
    %load/vec4 v0x591e277deb80_0;
    %store/vec4 v0x591e277d53f0_0, 0, 1;
    %fork TD_tb_lphy_sb_pkt_enc.chk_parity, S_0x591e277d4e80;
    %join;
    %free S_0x591e277d4e80;
    %load/vec4 v0x591e277de3b0_0;
    %load/vec4 v0x591e277de450_0;
    %cmp/e;
    %flag_mov 8, 4;
    %jmp/0 T_21.8, 8;
    %pushi/vec4 1346458451, 0, 32; draw_string_vec4
    %jmp/1 T_21.9, 8;
T_21.8 ; End of true expr.
    %pushi/vec4 1178683724, 0, 32; draw_string_vec4
    %jmp/0 T_21.9, 8;
 ; End of false expr.
    %blend;
T_21.9;
    %vpi_call/w 3 327 "$display", "  C2 Cpl64b(UR)   hdr=0x%016h  [%s]", v0x591e277de4f0_0, S<0,vec4,u32> {1 0 0};
    %load/vec4 v0x591e277de3b0_0;
    %store/vec4 v0x591e277de450_0, 0, 32;
    %alloc S_0x591e277543e0;
    %pushi/vec4 16, 0, 5;
    %store/vec4 v0x591e277d3350_0, 0, 5;
    %pushi/vec4 1, 0, 3;
    %store/vec4 v0x591e277d3430_0, 0, 3;
    %pushi/vec4 5, 0, 3;
    %store/vec4 v0x591e277d2ec0_0, 0, 3;
    %pushi/vec4 0, 0, 1;
    %store/vec4 v0x591e277d2d40_0, 0, 1;
    %pushi/vec4 0, 0, 1;
    %store/vec4 v0x591e277d2ff0_0, 0, 1;
    %pushi/vec4 5, 0, 5;
    %store/vec4 v0x591e277d3510_0, 0, 5;
    %pushi/vec4 7, 0, 27;
    %store/vec4 v0x591e277509e0_0, 0, 27;
    %pushi/vec4 15, 0, 8;
    %store/vec4 v0x591e277d2c60_0, 0, 8;
    %pushi/vec4 0, 0, 16;
    %store/vec4 v0x591e277d3190_0, 0, 16;
    %pushi/vec4 0, 0, 8;
    %store/vec4 v0x591e277d30b0_0, 0, 8;
    %pushi/vec4 0, 0, 8;
    %store/vec4 v0x591e277d3270_0, 0, 8;
    %pushi/vec4 0, 0, 64;
    %store/vec4 v0x591e277d2de0_0, 0, 64;
    %fork TD_tb_lphy_sb_pkt_enc.apply_all, S_0x591e277543e0;
    %join;
    %free S_0x591e277543e0;
    %alloc S_0x591e277d4810;
    %pushi/str "C3-status";
    %store/str v0x591e277d4bd0_0;
    %pushi/vec4 0, 0, 61;
    %load/vec4 v0x591e277de4f0_0;
    %parti/s 3, 17, 6;
    %concat/vec4; draw_concat_vec4
    %store/vec4 v0x591e277d4af0_0, 0, 64;
    %pushi/vec4 7, 0, 64;
    %store/vec4 v0x591e277d49f0_0, 0, 64;
    %pushi/vec4 3, 0, 32;
    %store/vec4 v0x591e277d4d50_0, 0, 32;
    %fork TD_tb_lphy_sb_pkt_enc.chkN, S_0x591e277d4810;
    %join;
    %free S_0x591e277d4810;
    %alloc S_0x591e277d4e80;
    %pushi/str "C3";
    %store/str v0x591e277d5500_0;
    %load/vec4 v0x591e277de4f0_0;
    %store/vec4 v0x591e277d5310_0, 0, 64;
    %load/vec4 v0x591e277ddfb0_0;
    %store/vec4 v0x591e277d50b0_0, 0, 64;
    %load/vec4 v0x591e277deb80_0;
    %store/vec4 v0x591e277d53f0_0, 0, 1;
    %fork TD_tb_lphy_sb_pkt_enc.chk_parity, S_0x591e277d4e80;
    %join;
    %free S_0x591e277d4e80;
    %load/vec4 v0x591e277de3b0_0;
    %load/vec4 v0x591e277de450_0;
    %cmp/e;
    %flag_mov 8, 4;
    %jmp/0 T_21.10, 8;
    %pushi/vec4 1346458451, 0, 32; draw_string_vec4
    %jmp/1 T_21.11, 8;
T_21.10 ; End of true expr.
    %pushi/vec4 1178683724, 0, 32; draw_string_vec4
    %jmp/0 T_21.11, 8;
 ; End of false expr.
    %blend;
T_21.11;
    %vpi_call/w 3 337 "$display", "  C3 Cpl(Stall)   hdr=0x%016h  [%s]", v0x591e277de4f0_0, S<0,vec4,u32> {1 0 0};
    %vpi_call/w 3 343 "$display", "\000" {0 0 0};
    %vpi_call/w 3 344 "$display", "--- Group D : Message packets ---" {0 0 0};
    %load/vec4 v0x591e277de3b0_0;
    %store/vec4 v0x591e277de450_0, 0, 32;
    %alloc S_0x591e277543e0;
    %pushi/vec4 18, 0, 5;
    %store/vec4 v0x591e277d3350_0, 0, 5;
    %pushi/vec4 2, 0, 3;
    %store/vec4 v0x591e277d3430_0, 0, 3;
    %pushi/vec4 5, 0, 3;
    %store/vec4 v0x591e277d2ec0_0, 0, 3;
    %pushi/vec4 0, 0, 1;
    %store/vec4 v0x591e277d2d40_0, 0, 1;
    %pushi/vec4 0, 0, 1;
    %store/vec4 v0x591e277d2ff0_0, 0, 1;
    %pushi/vec4 0, 0, 5;
    %store/vec4 v0x591e277d3510_0, 0, 5;
    %pushi/vec4 0, 0, 27;
    %store/vec4 v0x591e277509e0_0, 0, 27;
    %pushi/vec4 0, 0, 8;
    %store/vec4 v0x591e277d2c60_0, 0, 8;
    %pushi/vec4 0, 0, 16;
    %store/vec4 v0x591e277d3190_0, 0, 16;
    %pushi/vec4 149, 0, 8;
    %store/vec4 v0x591e277d30b0_0, 0, 8;
    %pushi/vec4 1, 0, 8;
    %store/vec4 v0x591e277d3270_0, 0, 8;
    %pushi/vec4 0, 0, 64;
    %store/vec4 v0x591e277d2de0_0, 0, 64;
    %fork TD_tb_lphy_sb_pkt_enc.apply_all, S_0x591e277543e0;
    %join;
    %free S_0x591e277543e0;
    %alloc S_0x591e277d4810;
    %pushi/str "D1-msginfo";
    %store/str v0x591e277d4bd0_0;
    %alloc S_0x591e277d7380;
    %load/vec4 v0x591e277de4f0_0;
    %store/vec4 v0x591e277d7660_0, 0, 64;
    %callf/vec4 TD_tb_lphy_sb_pkt_enc.ext_msginfo, S_0x591e277d7380;
    %free S_0x591e277d7380;
    %pad/u 64;
    %store/vec4 v0x591e277d4af0_0, 0, 64;
    %pushi/vec4 0, 0, 64;
    %store/vec4 v0x591e277d49f0_0, 0, 64;
    %pushi/vec4 16, 0, 32;
    %store/vec4 v0x591e277d4d50_0, 0, 32;
    %fork TD_tb_lphy_sb_pkt_enc.chkN, S_0x591e277d4810;
    %join;
    %free S_0x591e277d4810;
    %alloc S_0x591e277d4810;
    %pushi/str "D1-msgcode";
    %store/str v0x591e277d4bd0_0;
    %alloc S_0x591e277d6fc0;
    %load/vec4 v0x591e277de4f0_0;
    %store/vec4 v0x591e277d72a0_0, 0, 64;
    %callf/vec4 TD_tb_lphy_sb_pkt_enc.ext_msgcode, S_0x591e277d6fc0;
    %free S_0x591e277d6fc0;
    %pad/u 64;
    %store/vec4 v0x591e277d4af0_0, 0, 64;
    %pushi/vec4 149, 0, 64;
    %store/vec4 v0x591e277d49f0_0, 0, 64;
    %pushi/vec4 8, 0, 32;
    %store/vec4 v0x591e277d4d50_0, 0, 32;
    %fork TD_tb_lphy_sb_pkt_enc.chkN, S_0x591e277d4810;
    %join;
    %free S_0x591e277d4810;
    %alloc S_0x591e277d4810;
    %pushi/str "D1-msgsub";
    %store/str v0x591e277d4bd0_0;
    %alloc S_0x591e277d7740;
    %load/vec4 v0x591e277de4f0_0;
    %store/vec4 v0x591e277d7a20_0, 0, 64;
    %callf/vec4 TD_tb_lphy_sb_pkt_enc.ext_msgsub, S_0x591e277d7740;
    %free S_0x591e277d7740;
    %pad/u 64;
    %store/vec4 v0x591e277d4af0_0, 0, 64;
    %pushi/vec4 1, 0, 64;
    %store/vec4 v0x591e277d49f0_0, 0, 64;
    %pushi/vec4 8, 0, 32;
    %store/vec4 v0x591e277d4d50_0, 0, 32;
    %fork TD_tb_lphy_sb_pkt_enc.chkN, S_0x591e277d4810;
    %join;
    %free S_0x591e277d4810;
    %alloc S_0x591e277d4460;
    %pushi/str "D1-nod";
    %store/str v0x591e277d4770_0;
    %load/vec4 v0x591e277deb80_0;
    %store/vec4 v0x591e277d46b0_0, 0, 1;
    %pushi/vec4 0, 0, 1;
    %store/vec4 v0x591e277d45f0_0, 0, 1;
    %fork TD_tb_lphy_sb_pkt_enc.chk1, S_0x591e277d4460;
    %join;
    %free S_0x591e277d4460;
    %alloc S_0x591e277d4e80;
    %pushi/str "D1";
    %store/str v0x591e277d5500_0;
    %load/vec4 v0x591e277de4f0_0;
    %store/vec4 v0x591e277d5310_0, 0, 64;
    %load/vec4 v0x591e277ddfb0_0;
    %store/vec4 v0x591e277d50b0_0, 0, 64;
    %load/vec4 v0x591e277deb80_0;
    %store/vec4 v0x591e277d53f0_0, 0, 1;
    %fork TD_tb_lphy_sb_pkt_enc.chk_parity, S_0x591e277d4e80;
    %join;
    %free S_0x591e277d4e80;
    %load/vec4 v0x591e277de3b0_0;
    %load/vec4 v0x591e277de450_0;
    %cmp/e;
    %flag_mov 8, 4;
    %jmp/0 T_21.12, 8;
    %pushi/vec4 1346458451, 0, 32; draw_string_vec4
    %jmp/1 T_21.13, 8;
T_21.12 ; End of true expr.
    %pushi/vec4 1178683724, 0, 32; draw_string_vec4
    %jmp/0 T_21.13, 8;
 ; End of false expr.
    %blend;
T_21.13;
    %vpi_call/w 3 356 "$display", "  D1 SBINITdoneReq hdr=0x%016h  [%s]", v0x591e277de4f0_0, S<0,vec4,u32> {1 0 0};
    %load/vec4 v0x591e277de3b0_0;
    %store/vec4 v0x591e277de450_0, 0, 32;
    %alloc S_0x591e277543e0;
    %pushi/vec4 27, 0, 5;
    %store/vec4 v0x591e277d3350_0, 0, 5;
    %pushi/vec4 1, 0, 3;
    %store/vec4 v0x591e277d3430_0, 0, 3;
    %pushi/vec4 5, 0, 3;
    %store/vec4 v0x591e277d2ec0_0, 0, 3;
    %pushi/vec4 0, 0, 1;
    %store/vec4 v0x591e277d2d40_0, 0, 1;
    %pushi/vec4 0, 0, 1;
    %store/vec4 v0x591e277d2ff0_0, 0, 1;
    %pushi/vec4 0, 0, 5;
    %store/vec4 v0x591e277d3510_0, 0, 5;
    %pushi/vec4 0, 0, 27;
    %store/vec4 v0x591e277509e0_0, 0, 27;
    %pushi/vec4 0, 0, 8;
    %store/vec4 v0x591e277d2c60_0, 0, 8;
    %pushi/vec4 0, 0, 16;
    %store/vec4 v0x591e277d3190_0, 0, 16;
    %pushi/vec4 1, 0, 8;
    %store/vec4 v0x591e277d30b0_0, 0, 8;
    %pushi/vec4 0, 0, 8;
    %store/vec4 v0x591e277d3270_0, 0, 8;
    %pushi/vec4 63, 0, 64;
    %store/vec4 v0x591e277d2de0_0, 0, 64;
    %fork TD_tb_lphy_sb_pkt_enc.apply_all, S_0x591e277543e0;
    %join;
    %free S_0x591e277543e0;
    %alloc S_0x591e277d4810;
    %pushi/str "D2-msgcode";
    %store/str v0x591e277d4bd0_0;
    %alloc S_0x591e277d6fc0;
    %load/vec4 v0x591e277de4f0_0;
    %store/vec4 v0x591e277d72a0_0, 0, 64;
    %callf/vec4 TD_tb_lphy_sb_pkt_enc.ext_msgcode, S_0x591e277d6fc0;
    %free S_0x591e277d6fc0;
    %pad/u 64;
    %store/vec4 v0x591e277d4af0_0, 0, 64;
    %pushi/vec4 1, 0, 64;
    %store/vec4 v0x591e277d49f0_0, 0, 64;
    %pushi/vec4 8, 0, 32;
    %store/vec4 v0x591e277d4d50_0, 0, 32;
    %fork TD_tb_lphy_sb_pkt_enc.chkN, S_0x591e277d4810;
    %join;
    %free S_0x591e277d4810;
    %alloc S_0x591e277d4810;
    %pushi/str "D2-msgsub";
    %store/str v0x591e277d4bd0_0;
    %alloc S_0x591e277d7740;
    %load/vec4 v0x591e277de4f0_0;
    %store/vec4 v0x591e277d7a20_0, 0, 64;
    %callf/vec4 TD_tb_lphy_sb_pkt_enc.ext_msgsub, S_0x591e277d7740;
    %free S_0x591e277d7740;
    %pad/u 64;
    %store/vec4 v0x591e277d4af0_0, 0, 64;
    %pushi/vec4 0, 0, 64;
    %store/vec4 v0x591e277d49f0_0, 0, 64;
    %pushi/vec4 8, 0, 32;
    %store/vec4 v0x591e277d4d50_0, 0, 32;
    %fork TD_tb_lphy_sb_pkt_enc.chkN, S_0x591e277d4810;
    %join;
    %free S_0x591e277d4810;
    %alloc S_0x591e277d4460;
    %pushi/str "D2-2frm";
    %store/str v0x591e277d4770_0;
    %load/vec4 v0x591e277deb80_0;
    %store/vec4 v0x591e277d46b0_0, 0, 1;
    %pushi/vec4 1, 0, 1;
    %store/vec4 v0x591e277d45f0_0, 0, 1;
    %fork TD_tb_lphy_sb_pkt_enc.chk1, S_0x591e277d4460;
    %join;
    %free S_0x591e277d4460;
    %alloc S_0x591e277d4810;
    %pushi/str "D2-data";
    %store/str v0x591e277d4bd0_0;
    %load/vec4 v0x591e277ddfb0_0;
    %store/vec4 v0x591e277d4af0_0, 0, 64;
    %pushi/vec4 63, 0, 64;
    %store/vec4 v0x591e277d49f0_0, 0, 64;
    %pushi/vec4 64, 0, 32;
    %store/vec4 v0x591e277d4d50_0, 0, 32;
    %fork TD_tb_lphy_sb_pkt_enc.chkN, S_0x591e277d4810;
    %join;
    %free S_0x591e277d4810;
    %alloc S_0x591e277d4e80;
    %pushi/str "D2";
    %store/str v0x591e277d5500_0;
    %load/vec4 v0x591e277de4f0_0;
    %store/vec4 v0x591e277d5310_0, 0, 64;
    %load/vec4 v0x591e277ddfb0_0;
    %store/vec4 v0x591e277d50b0_0, 0, 64;
    %load/vec4 v0x591e277deb80_0;
    %store/vec4 v0x591e277d53f0_0, 0, 1;
    %fork TD_tb_lphy_sb_pkt_enc.chk_parity, S_0x591e277d4e80;
    %join;
    %free S_0x591e277d4e80;
    %load/vec4 v0x591e277de3b0_0;
    %load/vec4 v0x591e277de450_0;
    %cmp/e;
    %flag_mov 8, 4;
    %jmp/0 T_21.14, 8;
    %pushi/vec4 1346458451, 0, 32; draw_string_vec4
    %jmp/1 T_21.15, 8;
T_21.14 ; End of true expr.
    %pushi/vec4 1178683724, 0, 32; draw_string_vec4
    %jmp/0 T_21.15, 8;
 ; End of false expr.
    %blend;
T_21.15;
    %vpi_call/w 3 370 "$display", "  D2 AdvCap.Adapt  hdr=0x%016h  [%s]", v0x591e277de4f0_0, S<0,vec4,u32> {1 0 0};
    %load/vec4 v0x591e277de3b0_0;
    %store/vec4 v0x591e277de450_0, 0, 32;
    %alloc S_0x591e277543e0;
    %pushi/vec4 18, 0, 5;
    %store/vec4 v0x591e277d3350_0, 0, 5;
    %pushi/vec4 1, 0, 3;
    %store/vec4 v0x591e277d3430_0, 0, 3;
    %pushi/vec4 5, 0, 3;
    %store/vec4 v0x591e277d2ec0_0, 0, 3;
    %pushi/vec4 0, 0, 1;
    %store/vec4 v0x591e277d2d40_0, 0, 1;
    %pushi/vec4 0, 0, 1;
    %store/vec4 v0x591e277d2ff0_0, 0, 1;
    %pushi/vec4 0, 0, 5;
    %store/vec4 v0x591e277d3510_0, 0, 5;
    %pushi/vec4 0, 0, 27;
    %store/vec4 v0x591e277509e0_0, 0, 27;
    %pushi/vec4 0, 0, 8;
    %store/vec4 v0x591e277d2c60_0, 0, 8;
    %pushi/vec4 65535, 0, 16;
    %store/vec4 v0x591e277d3190_0, 0, 16;
    %pushi/vec4 4, 0, 8;
    %store/vec4 v0x591e277d30b0_0, 0, 8;
    %pushi/vec4 1, 0, 8;
    %store/vec4 v0x591e277d3270_0, 0, 8;
    %pushi/vec4 0, 0, 64;
    %store/vec4 v0x591e277d2de0_0, 0, 64;
    %fork TD_tb_lphy_sb_pkt_enc.apply_all, S_0x591e277543e0;
    %join;
    %free S_0x591e277543e0;
    %alloc S_0x591e277d4810;
    %pushi/str "D3-msginfo";
    %store/str v0x591e277d4bd0_0;
    %alloc S_0x591e277d7380;
    %load/vec4 v0x591e277de4f0_0;
    %store/vec4 v0x591e277d7660_0, 0, 64;
    %callf/vec4 TD_tb_lphy_sb_pkt_enc.ext_msginfo, S_0x591e277d7380;
    %free S_0x591e277d7380;
    %pad/u 64;
    %store/vec4 v0x591e277d4af0_0, 0, 64;
    %pushi/vec4 65535, 0, 64;
    %store/vec4 v0x591e277d49f0_0, 0, 64;
    %pushi/vec4 16, 0, 32;
    %store/vec4 v0x591e277d4d50_0, 0, 32;
    %fork TD_tb_lphy_sb_pkt_enc.chkN, S_0x591e277d4810;
    %join;
    %free S_0x591e277d4810;
    %alloc S_0x591e277d4e80;
    %pushi/str "D3";
    %store/str v0x591e277d5500_0;
    %load/vec4 v0x591e277de4f0_0;
    %store/vec4 v0x591e277d5310_0, 0, 64;
    %load/vec4 v0x591e277ddfb0_0;
    %store/vec4 v0x591e277d50b0_0, 0, 64;
    %load/vec4 v0x591e277deb80_0;
    %store/vec4 v0x591e277d53f0_0, 0, 1;
    %fork TD_tb_lphy_sb_pkt_enc.chk_parity, S_0x591e277d4e80;
    %join;
    %free S_0x591e277d4e80;
    %load/vec4 v0x591e277de3b0_0;
    %load/vec4 v0x591e277de450_0;
    %cmp/e;
    %flag_mov 8, 4;
    %jmp/0 T_21.16, 8;
    %pushi/vec4 1346458451, 0, 32; draw_string_vec4
    %jmp/1 T_21.17, 8;
T_21.16 ; End of true expr.
    %pushi/vec4 1178683724, 0, 32; draw_string_vec4
    %jmp/0 T_21.17, 8;
 ; End of false expr.
    %blend;
T_21.17;
    %vpi_call/w 3 380 "$display", "  D3 Stall FFFFh   hdr=0x%016h  [%s]", v0x591e277de4f0_0, S<0,vec4,u32> {1 0 0};
    %load/vec4 v0x591e277de3b0_0;
    %store/vec4 v0x591e277de450_0, 0, 32;
    %alloc S_0x591e277543e0;
    %pushi/vec4 27, 0, 5;
    %store/vec4 v0x591e277d3350_0, 0, 5;
    %pushi/vec4 2, 0, 3;
    %store/vec4 v0x591e277d3430_0, 0, 3;
    %pushi/vec4 5, 0, 3;
    %store/vec4 v0x591e277d2ec0_0, 0, 3;
    %pushi/vec4 0, 0, 1;
    %store/vec4 v0x591e277d2d40_0, 0, 1;
    %pushi/vec4 0, 0, 1;
    %store/vec4 v0x591e277d2ff0_0, 0, 1;
    %pushi/vec4 0, 0, 5;
    %store/vec4 v0x591e277d3510_0, 0, 5;
    %pushi/vec4 0, 0, 27;
    %store/vec4 v0x591e277509e0_0, 0, 27;
    %pushi/vec4 0, 0, 8;
    %store/vec4 v0x591e277d2c60_0, 0, 8;
    %pushi/vec4 0, 0, 16;
    %store/vec4 v0x591e277d3190_0, 0, 16;
    %pushi/vec4 165, 0, 8;
    %store/vec4 v0x591e277d30b0_0, 0, 8;
    %pushi/vec4 0, 0, 8;
    %store/vec4 v0x591e277d3270_0, 0, 8;
    %pushi/vec4 66320, 0, 64;
    %store/vec4 v0x591e277d2de0_0, 0, 64;
    %fork TD_tb_lphy_sb_pkt_enc.apply_all, S_0x591e277543e0;
    %join;
    %free S_0x591e277543e0;
    %alloc S_0x591e277d4810;
    %pushi/str "D4-msgcode";
    %store/str v0x591e277d4bd0_0;
    %alloc S_0x591e277d6fc0;
    %load/vec4 v0x591e277de4f0_0;
    %store/vec4 v0x591e277d72a0_0, 0, 64;
    %callf/vec4 TD_tb_lphy_sb_pkt_enc.ext_msgcode, S_0x591e277d6fc0;
    %free S_0x591e277d6fc0;
    %pad/u 64;
    %store/vec4 v0x591e277d4af0_0, 0, 64;
    %pushi/vec4 165, 0, 64;
    %store/vec4 v0x591e277d49f0_0, 0, 64;
    %pushi/vec4 8, 0, 32;
    %store/vec4 v0x591e277d4d50_0, 0, 32;
    %fork TD_tb_lphy_sb_pkt_enc.chkN, S_0x591e277d4810;
    %join;
    %free S_0x591e277d4810;
    %alloc S_0x591e277d4810;
    %pushi/str "D4-data";
    %store/str v0x591e277d4bd0_0;
    %load/vec4 v0x591e277ddfb0_0;
    %store/vec4 v0x591e277d4af0_0, 0, 64;
    %pushi/vec4 66320, 0, 64;
    %store/vec4 v0x591e277d49f0_0, 0, 64;
    %pushi/vec4 64, 0, 32;
    %store/vec4 v0x591e277d4d50_0, 0, 32;
    %fork TD_tb_lphy_sb_pkt_enc.chkN, S_0x591e277d4810;
    %join;
    %free S_0x591e277d4810;
    %alloc S_0x591e277d4e80;
    %pushi/str "D4";
    %store/str v0x591e277d5500_0;
    %load/vec4 v0x591e277de4f0_0;
    %store/vec4 v0x591e277d5310_0, 0, 64;
    %load/vec4 v0x591e277ddfb0_0;
    %store/vec4 v0x591e277d50b0_0, 0, 64;
    %load/vec4 v0x591e277deb80_0;
    %store/vec4 v0x591e277d53f0_0, 0, 1;
    %fork TD_tb_lphy_sb_pkt_enc.chk_parity, S_0x591e277d4e80;
    %join;
    %free S_0x591e277d4e80;
    %load/vec4 v0x591e277de3b0_0;
    %load/vec4 v0x591e277de450_0;
    %cmp/e;
    %flag_mov 8, 4;
    %jmp/0 T_21.18, 8;
    %pushi/vec4 1346458451, 0, 32; draw_string_vec4
    %jmp/1 T_21.19, 8;
T_21.18 ; End of true expr.
    %pushi/vec4 1178683724, 0, 32; draw_string_vec4
    %jmp/0 T_21.19, 8;
 ; End of false expr.
    %blend;
T_21.19;
    %vpi_call/w 3 393 "$display", "  D4 MBINIT.PARAM  hdr=0x%016h  [%s]", v0x591e277de4f0_0, S<0,vec4,u32> {1 0 0};
    %vpi_call/w 3 399 "$display", "\000" {0 0 0};
    %vpi_call/w 3 400 "$display", "--- Group E : Data passthrough / gating ---" {0 0 0};
    %load/vec4 v0x591e277de3b0_0;
    %store/vec4 v0x591e277de450_0, 0, 32;
    %alloc S_0x591e277543e0;
    %pushi/vec4 1, 0, 5;
    %store/vec4 v0x591e277d3350_0, 0, 5;
    %pushi/vec4 1, 0, 3;
    %store/vec4 v0x591e277d3430_0, 0, 3;
    %pushi/vec4 6, 0, 3;
    %store/vec4 v0x591e277d2ec0_0, 0, 3;
    %pushi/vec4 0, 0, 1;
    %store/vec4 v0x591e277d2d40_0, 0, 1;
    %pushi/vec4 0, 0, 1;
    %store/vec4 v0x591e277d2ff0_0, 0, 1;
    %pushi/vec4 1, 0, 5;
    %store/vec4 v0x591e277d3510_0, 0, 5;
    %pushi/vec4 4, 0, 27;
    %store/vec4 v0x591e277509e0_0, 0, 27;
    %pushi/vec4 15, 0, 8;
    %store/vec4 v0x591e277d2c60_0, 0, 8;
    %pushi/vec4 0, 0, 16;
    %store/vec4 v0x591e277d3190_0, 0, 16;
    %pushi/vec4 0, 0, 8;
    %store/vec4 v0x591e277d30b0_0, 0, 8;
    %pushi/vec4 0, 0, 8;
    %store/vec4 v0x591e277d3270_0, 0, 8;
    %pushi/vec4 3405691582, 0, 64;
    %store/vec4 v0x591e277d2de0_0, 0, 64;
    %fork TD_tb_lphy_sb_pkt_enc.apply_all, S_0x591e277543e0;
    %join;
    %free S_0x591e277543e0;
    %alloc S_0x591e277d4810;
    %pushi/str "E1-data";
    %store/str v0x591e277d4bd0_0;
    %load/vec4 v0x591e277ddfb0_0;
    %store/vec4 v0x591e277d4af0_0, 0, 64;
    %pushi/vec4 3405691582, 0, 64;
    %store/vec4 v0x591e277d49f0_0, 0, 64;
    %pushi/vec4 64, 0, 32;
    %store/vec4 v0x591e277d4d50_0, 0, 32;
    %fork TD_tb_lphy_sb_pkt_enc.chkN, S_0x591e277d4810;
    %join;
    %free S_0x591e277d4810;
    %alloc S_0x591e277d4460;
    %pushi/str "E1-2frm";
    %store/str v0x591e277d4770_0;
    %load/vec4 v0x591e277deb80_0;
    %store/vec4 v0x591e277d46b0_0, 0, 1;
    %pushi/vec4 1, 0, 1;
    %store/vec4 v0x591e277d45f0_0, 0, 1;
    %fork TD_tb_lphy_sb_pkt_enc.chk1, S_0x591e277d4460;
    %join;
    %free S_0x591e277d4460;
    %load/vec4 v0x591e277de3b0_0;
    %load/vec4 v0x591e277de450_0;
    %cmp/e;
    %flag_mov 8, 4;
    %jmp/0 T_21.20, 8;
    %pushi/vec4 1346458451, 0, 32; draw_string_vec4
    %jmp/1 T_21.21, 8;
T_21.20 ; End of true expr.
    %pushi/vec4 1178683724, 0, 32; draw_string_vec4
    %jmp/0 T_21.21, 8;
 ; End of false expr.
    %blend;
T_21.21;
    %vpi_call/w 3 409 "$display", "  E1 32b passthru: 0x%016h  [%s]", v0x591e277ddfb0_0, S<0,vec4,u32> {1 0 0};
    %load/vec4 v0x591e277de3b0_0;
    %store/vec4 v0x591e277de450_0, 0, 32;
    %alloc S_0x591e277543e0;
    %pushi/vec4 0, 0, 5;
    %store/vec4 v0x591e277d3350_0, 0, 5;
    %pushi/vec4 1, 0, 3;
    %store/vec4 v0x591e277d3430_0, 0, 3;
    %pushi/vec4 6, 0, 3;
    %store/vec4 v0x591e277d2ec0_0, 0, 3;
    %pushi/vec4 0, 0, 1;
    %store/vec4 v0x591e277d2d40_0, 0, 1;
    %pushi/vec4 0, 0, 1;
    %store/vec4 v0x591e277d2ff0_0, 0, 1;
    %pushi/vec4 0, 0, 5;
    %store/vec4 v0x591e277d3510_0, 0, 5;
    %pushi/vec4 0, 0, 27;
    %store/vec4 v0x591e277509e0_0, 0, 27;
    %pushi/vec4 255, 0, 8;
    %store/vec4 v0x591e277d2c60_0, 0, 8;
    %pushi/vec4 0, 0, 16;
    %store/vec4 v0x591e277d3190_0, 0, 16;
    %pushi/vec4 0, 0, 8;
    %store/vec4 v0x591e277d30b0_0, 0, 8;
    %pushi/vec4 0, 0, 8;
    %store/vec4 v0x591e277d3270_0, 0, 8;
    %pushi/vec4 3735928559, 0, 32;
    %concati/vec4 3735928559, 0, 32;
    %store/vec4 v0x591e277d2de0_0, 0, 64;
    %fork TD_tb_lphy_sb_pkt_enc.apply_all, S_0x591e277543e0;
    %join;
    %free S_0x591e277543e0;
    %alloc S_0x591e277d4810;
    %pushi/str "E2-gated";
    %store/str v0x591e277d4bd0_0;
    %load/vec4 v0x591e277ddfb0_0;
    %store/vec4 v0x591e277d4af0_0, 0, 64;
    %pushi/vec4 0, 0, 64;
    %store/vec4 v0x591e277d49f0_0, 0, 64;
    %pushi/vec4 64, 0, 32;
    %store/vec4 v0x591e277d4d50_0, 0, 32;
    %fork TD_tb_lphy_sb_pkt_enc.chkN, S_0x591e277d4810;
    %join;
    %free S_0x591e277d4810;
    %alloc S_0x591e277d4460;
    %pushi/str "E2-nod";
    %store/str v0x591e277d4770_0;
    %load/vec4 v0x591e277deb80_0;
    %store/vec4 v0x591e277d46b0_0, 0, 1;
    %pushi/vec4 0, 0, 1;
    %store/vec4 v0x591e277d45f0_0, 0, 1;
    %fork TD_tb_lphy_sb_pkt_enc.chk1, S_0x591e277d4460;
    %join;
    %free S_0x591e277d4460;
    %load/vec4 v0x591e277de3b0_0;
    %load/vec4 v0x591e277de450_0;
    %cmp/e;
    %flag_mov 8, 4;
    %jmp/0 T_21.22, 8;
    %pushi/vec4 1346458451, 0, 32; draw_string_vec4
    %jmp/1 T_21.23, 8;
T_21.22 ; End of true expr.
    %pushi/vec4 1178683724, 0, 32; draw_string_vec4
    %jmp/0 T_21.23, 8;
 ; End of false expr.
    %blend;
T_21.23;
    %vpi_call/w 3 419 "$display", "  E2 No-data gate: 0x%016h  [%s]", v0x591e277ddfb0_0, S<0,vec4,u32> {1 0 0};
    %load/vec4 v0x591e277de3b0_0;
    %store/vec4 v0x591e277de450_0, 0, 32;
    %alloc S_0x591e277543e0;
    %pushi/vec4 9, 0, 5;
    %store/vec4 v0x591e277d3350_0, 0, 5;
    %pushi/vec4 1, 0, 3;
    %store/vec4 v0x591e277d3430_0, 0, 3;
    %pushi/vec4 6, 0, 3;
    %store/vec4 v0x591e277d2ec0_0, 0, 3;
    %pushi/vec4 0, 0, 1;
    %store/vec4 v0x591e277d2d40_0, 0, 1;
    %pushi/vec4 0, 0, 1;
    %store/vec4 v0x591e277d2ff0_0, 0, 1;
    %pushi/vec4 0, 0, 5;
    %store/vec4 v0x591e277d3510_0, 0, 5;
    %pushi/vec4 0, 0, 27;
    %store/vec4 v0x591e277509e0_0, 0, 27;
    %pushi/vec4 255, 0, 8;
    %store/vec4 v0x591e277d2c60_0, 0, 8;
    %pushi/vec4 0, 0, 16;
    %store/vec4 v0x591e277d3190_0, 0, 16;
    %pushi/vec4 0, 0, 8;
    %store/vec4 v0x591e277d30b0_0, 0, 8;
    %pushi/vec4 0, 0, 8;
    %store/vec4 v0x591e277d3270_0, 0, 8;
    %pushi/vec4 4294967295, 0, 32;
    %concati/vec4 4294967295, 0, 32;
    %store/vec4 v0x591e277d2de0_0, 0, 64;
    %fork TD_tb_lphy_sb_pkt_enc.apply_all, S_0x591e277543e0;
    %join;
    %free S_0x591e277543e0;
    %alloc S_0x591e277d4460;
    %pushi/str "E3-DP-allones";
    %store/str v0x591e277d4770_0;
    %alloc S_0x591e277d6510;
    %load/vec4 v0x591e277de4f0_0;
    %store/vec4 v0x591e277d6780_0, 0, 64;
    %callf/vec4 TD_tb_lphy_sb_pkt_enc.ext_dp, S_0x591e277d6510;
    %free S_0x591e277d6510;
    %store/vec4 v0x591e277d46b0_0, 0, 1;
    %pushi/vec4 0, 0, 1;
    %store/vec4 v0x591e277d45f0_0, 0, 1;
    %fork TD_tb_lphy_sb_pkt_enc.chk1, S_0x591e277d4460;
    %join;
    %free S_0x591e277d4460;
    %alloc S_0x591e277d6510;
    %load/vec4 v0x591e277de4f0_0;
    %store/vec4 v0x591e277d6780_0, 0, 64;
    %callf/vec4 TD_tb_lphy_sb_pkt_enc.ext_dp, S_0x591e277d6510;
    %free S_0x591e277d6510;
    %load/vec4 v0x591e277de3b0_0;
    %load/vec4 v0x591e277de450_0;
    %cmp/e;
    %flag_mov 8, 4;
    %jmp/0 T_21.24, 8;
    %pushi/vec4 1346458451, 0, 32; draw_string_vec4
    %jmp/1 T_21.25, 8;
T_21.24 ; End of true expr.
    %pushi/vec4 1178683724, 0, 32; draw_string_vec4
    %jmp/0 T_21.25, 8;
 ; End of false expr.
    %blend;
T_21.25;
    %vpi_call/w 3 428 "$display", "  E3 All-ones DP=%b (want 0)  [%s]", S<1,vec4,u1>, S<0,vec4,u32> {2 0 0};
    %load/vec4 v0x591e277de3b0_0;
    %store/vec4 v0x591e277de450_0, 0, 32;
    %alloc S_0x591e277543e0;
    %pushi/vec4 9, 0, 5;
    %store/vec4 v0x591e277d3350_0, 0, 5;
    %pushi/vec4 1, 0, 3;
    %store/vec4 v0x591e277d3430_0, 0, 3;
    %pushi/vec4 6, 0, 3;
    %store/vec4 v0x591e277d2ec0_0, 0, 3;
    %pushi/vec4 0, 0, 1;
    %store/vec4 v0x591e277d2d40_0, 0, 1;
    %pushi/vec4 0, 0, 1;
    %store/vec4 v0x591e277d2ff0_0, 0, 1;
    %pushi/vec4 0, 0, 5;
    %store/vec4 v0x591e277d3510_0, 0, 5;
    %pushi/vec4 0, 0, 27;
    %store/vec4 v0x591e277509e0_0, 0, 27;
    %pushi/vec4 255, 0, 8;
    %store/vec4 v0x591e277d2c60_0, 0, 8;
    %pushi/vec4 0, 0, 16;
    %store/vec4 v0x591e277d3190_0, 0, 16;
    %pushi/vec4 0, 0, 8;
    %store/vec4 v0x591e277d30b0_0, 0, 8;
    %pushi/vec4 0, 0, 8;
    %store/vec4 v0x591e277d3270_0, 0, 8;
    %pushi/vec4 1, 0, 64;
    %store/vec4 v0x591e277d2de0_0, 0, 64;
    %fork TD_tb_lphy_sb_pkt_enc.apply_all, S_0x591e277543e0;
    %join;
    %free S_0x591e277543e0;
    %alloc S_0x591e277d4460;
    %pushi/str "E4-DP-bit0";
    %store/str v0x591e277d4770_0;
    %alloc S_0x591e277d6510;
    %load/vec4 v0x591e277de4f0_0;
    %store/vec4 v0x591e277d6780_0, 0, 64;
    %callf/vec4 TD_tb_lphy_sb_pkt_enc.ext_dp, S_0x591e277d6510;
    %free S_0x591e277d6510;
    %store/vec4 v0x591e277d46b0_0, 0, 1;
    %pushi/vec4 1, 0, 1;
    %store/vec4 v0x591e277d45f0_0, 0, 1;
    %fork TD_tb_lphy_sb_pkt_enc.chk1, S_0x591e277d4460;
    %join;
    %free S_0x591e277d4460;
    %alloc S_0x591e277d6510;
    %load/vec4 v0x591e277de4f0_0;
    %store/vec4 v0x591e277d6780_0, 0, 64;
    %callf/vec4 TD_tb_lphy_sb_pkt_enc.ext_dp, S_0x591e277d6510;
    %free S_0x591e277d6510;
    %load/vec4 v0x591e277de3b0_0;
    %load/vec4 v0x591e277de450_0;
    %cmp/e;
    %flag_mov 8, 4;
    %jmp/0 T_21.26, 8;
    %pushi/vec4 1346458451, 0, 32; draw_string_vec4
    %jmp/1 T_21.27, 8;
T_21.26 ; End of true expr.
    %pushi/vec4 1178683724, 0, 32; draw_string_vec4
    %jmp/0 T_21.27, 8;
 ; End of false expr.
    %blend;
T_21.27;
    %vpi_call/w 3 437 "$display", "  E4 Single-bit DP=%b (want 1)  [%s]", S<1,vec4,u1>, S<0,vec4,u32> {2 0 0};
    %vpi_call/w 3 443 "$display", "\000" {0 0 0};
    %vpi_call/w 3 444 "$display", "--- Group F : Parity reference cross-check (8 packets) ---" {0 0 0};
    %load/vec4 v0x591e277de3b0_0;
    %store/vec4 v0x591e277de450_0, 0, 32;
    %alloc S_0x591e277543e0;
    %pushi/vec4 0, 0, 5;
    %store/vec4 v0x591e277d3350_0, 0, 5;
    %pushi/vec4 1, 0, 3;
    %store/vec4 v0x591e277d3430_0, 0, 3;
    %pushi/vec4 6, 0, 3;
    %store/vec4 v0x591e277d2ec0_0, 0, 3;
    %pushi/vec4 0, 0, 1;
    %store/vec4 v0x591e277d2d40_0, 0, 1;
    %pushi/vec4 0, 0, 1;
    %store/vec4 v0x591e277d2ff0_0, 0, 1;
    %pushi/vec4 0, 0, 5;
    %store/vec4 v0x591e277d3510_0, 0, 5;
    %pushi/vec4 0, 0, 27;
    %store/vec4 v0x591e277509e0_0, 0, 27;
    %pushi/vec4 255, 0, 8;
    %store/vec4 v0x591e277d2c60_0, 0, 8;
    %pushi/vec4 0, 0, 16;
    %store/vec4 v0x591e277d3190_0, 0, 16;
    %pushi/vec4 0, 0, 8;
    %store/vec4 v0x591e277d30b0_0, 0, 8;
    %pushi/vec4 0, 0, 8;
    %store/vec4 v0x591e277d3270_0, 0, 8;
    %pushi/vec4 0, 0, 64;
    %store/vec4 v0x591e277d2de0_0, 0, 64;
    %fork TD_tb_lphy_sb_pkt_enc.apply_all, S_0x591e277543e0;
    %join;
    %free S_0x591e277543e0;
    %alloc S_0x591e277d4e80;
    %pushi/str "F0";
    %store/str v0x591e277d5500_0;
    %load/vec4 v0x591e277de4f0_0;
    %store/vec4 v0x591e277d5310_0, 0, 64;
    %load/vec4 v0x591e277ddfb0_0;
    %store/vec4 v0x591e277d50b0_0, 0, 64;
    %load/vec4 v0x591e277deb80_0;
    %store/vec4 v0x591e277d53f0_0, 0, 1;
    %fork TD_tb_lphy_sb_pkt_enc.chk_parity, S_0x591e277d4e80;
    %join;
    %free S_0x591e277d4e80;
    %alloc S_0x591e277543e0;
    %pushi/vec4 1, 0, 5;
    %store/vec4 v0x591e277d3350_0, 0, 5;
    %pushi/vec4 1, 0, 3;
    %store/vec4 v0x591e277d3430_0, 0, 3;
    %pushi/vec4 6, 0, 3;
    %store/vec4 v0x591e277d2ec0_0, 0, 3;
    %pushi/vec4 0, 0, 1;
    %store/vec4 v0x591e277d2d40_0, 0, 1;
    %pushi/vec4 0, 0, 1;
    %store/vec4 v0x591e277d2ff0_0, 0, 1;
    %pushi/vec4 3, 0, 5;
    %store/vec4 v0x591e277d3510_0, 0, 5;
    %pushi/vec4 2730, 0, 27;
    %store/vec4 v0x591e277509e0_0, 0, 27;
    %pushi/vec4 15, 0, 8;
    %store/vec4 v0x591e277d2c60_0, 0, 8;
    %pushi/vec4 0, 0, 16;
    %store/vec4 v0x591e277d3190_0, 0, 16;
    %pushi/vec4 0, 0, 8;
    %store/vec4 v0x591e277d30b0_0, 0, 8;
    %pushi/vec4 0, 0, 8;
    %store/vec4 v0x591e277d3270_0, 0, 8;
    %pushi/vec4 3735928559, 0, 32;
    %concati/vec4 0, 0, 32;
    %store/vec4 v0x591e277d2de0_0, 0, 64;
    %fork TD_tb_lphy_sb_pkt_enc.apply_all, S_0x591e277543e0;
    %join;
    %free S_0x591e277543e0;
    %alloc S_0x591e277d4e80;
    %pushi/str "F1";
    %store/str v0x591e277d5500_0;
    %load/vec4 v0x591e277de4f0_0;
    %store/vec4 v0x591e277d5310_0, 0, 64;
    %load/vec4 v0x591e277ddfb0_0;
    %store/vec4 v0x591e277d50b0_0, 0, 64;
    %load/vec4 v0x591e277deb80_0;
    %store/vec4 v0x591e277d53f0_0, 0, 1;
    %fork TD_tb_lphy_sb_pkt_enc.chk_parity, S_0x591e277d4e80;
    %join;
    %free S_0x591e277d4e80;
    %alloc S_0x591e277543e0;
    %pushi/vec4 9, 0, 5;
    %store/vec4 v0x591e277d3350_0, 0, 5;
    %pushi/vec4 1, 0, 3;
    %store/vec4 v0x591e277d3430_0, 0, 3;
    %pushi/vec4 6, 0, 3;
    %store/vec4 v0x591e277d2ec0_0, 0, 3;
    %pushi/vec4 0, 0, 1;
    %store/vec4 v0x591e277d2d40_0, 0, 1;
    %pushi/vec4 0, 0, 1;
    %store/vec4 v0x591e277d2ff0_0, 0, 1;
    %pushi/vec4 15, 0, 5;
    %store/vec4 v0x591e277d3510_0, 0, 5;
    %pushi/vec4 134217727, 0, 27;
    %store/vec4 v0x591e277509e0_0, 0, 27;
    %pushi/vec4 255, 0, 8;
    %store/vec4 v0x591e277d2c60_0, 0, 8;
    %pushi/vec4 0, 0, 16;
    %store/vec4 v0x591e277d3190_0, 0, 16;
    %pushi/vec4 0, 0, 8;
    %store/vec4 v0x591e277d30b0_0, 0, 8;
    %pushi/vec4 0, 0, 8;
    %store/vec4 v0x591e277d3270_0, 0, 8;
    %pushi/vec4 4294967295, 0, 32;
    %concati/vec4 4294967295, 0, 32;
    %store/vec4 v0x591e277d2de0_0, 0, 64;
    %fork TD_tb_lphy_sb_pkt_enc.apply_all, S_0x591e277543e0;
    %join;
    %free S_0x591e277543e0;
    %alloc S_0x591e277d4e80;
    %pushi/str "F2";
    %store/str v0x591e277d5500_0;
    %load/vec4 v0x591e277de4f0_0;
    %store/vec4 v0x591e277d5310_0, 0, 64;
    %load/vec4 v0x591e277ddfb0_0;
    %store/vec4 v0x591e277d50b0_0, 0, 64;
    %load/vec4 v0x591e277deb80_0;
    %store/vec4 v0x591e277d53f0_0, 0, 1;
    %fork TD_tb_lphy_sb_pkt_enc.chk_parity, S_0x591e277d4e80;
    %join;
    %free S_0x591e277d4e80;
    %alloc S_0x591e277543e0;
    %pushi/vec4 16, 0, 5;
    %store/vec4 v0x591e277d3350_0, 0, 5;
    %pushi/vec4 1, 0, 3;
    %store/vec4 v0x591e277d3430_0, 0, 3;
    %pushi/vec4 5, 0, 3;
    %store/vec4 v0x591e277d2ec0_0, 0, 3;
    %pushi/vec4 0, 0, 1;
    %store/vec4 v0x591e277d2d40_0, 0, 1;
    %pushi/vec4 0, 0, 1;
    %store/vec4 v0x591e277d2ff0_0, 0, 1;
    %pushi/vec4 7, 0, 5;
    %store/vec4 v0x591e277d3510_0, 0, 5;
    %pushi/vec4 0, 0, 27;
    %store/vec4 v0x591e277509e0_0, 0, 27;
    %pushi/vec4 255, 0, 8;
    %store/vec4 v0x591e277d2c60_0, 0, 8;
    %pushi/vec4 0, 0, 16;
    %store/vec4 v0x591e277d3190_0, 0, 16;
    %pushi/vec4 0, 0, 8;
    %store/vec4 v0x591e277d30b0_0, 0, 8;
    %pushi/vec4 0, 0, 8;
    %store/vec4 v0x591e277d3270_0, 0, 8;
    %pushi/vec4 0, 0, 64;
    %store/vec4 v0x591e277d2de0_0, 0, 64;
    %fork TD_tb_lphy_sb_pkt_enc.apply_all, S_0x591e277543e0;
    %join;
    %free S_0x591e277543e0;
    %alloc S_0x591e277d4e80;
    %pushi/str "F3";
    %store/str v0x591e277d5500_0;
    %load/vec4 v0x591e277de4f0_0;
    %store/vec4 v0x591e277d5310_0, 0, 64;
    %load/vec4 v0x591e277ddfb0_0;
    %store/vec4 v0x591e277d50b0_0, 0, 64;
    %load/vec4 v0x591e277deb80_0;
    %store/vec4 v0x591e277d53f0_0, 0, 1;
    %fork TD_tb_lphy_sb_pkt_enc.chk_parity, S_0x591e277d4e80;
    %join;
    %free S_0x591e277d4e80;
    %alloc S_0x591e277543e0;
    %pushi/vec4 25, 0, 5;
    %store/vec4 v0x591e277d3350_0, 0, 5;
    %pushi/vec4 1, 0, 3;
    %store/vec4 v0x591e277d3430_0, 0, 3;
    %pushi/vec4 5, 0, 3;
    %store/vec4 v0x591e277d2ec0_0, 0, 3;
    %pushi/vec4 0, 0, 1;
    %store/vec4 v0x591e277d2d40_0, 0, 1;
    %pushi/vec4 0, 0, 1;
    %store/vec4 v0x591e277d2ff0_0, 0, 1;
    %pushi/vec4 12, 0, 5;
    %store/vec4 v0x591e277d3510_0, 0, 5;
    %pushi/vec4 1, 0, 27;
    %store/vec4 v0x591e277509e0_0, 0, 27;
    %pushi/vec4 255, 0, 8;
    %store/vec4 v0x591e277d2c60_0, 0, 8;
    %pushi/vec4 0, 0, 16;
    %store/vec4 v0x591e277d3190_0, 0, 16;
    %pushi/vec4 0, 0, 8;
    %store/vec4 v0x591e277d30b0_0, 0, 8;
    %pushi/vec4 0, 0, 8;
    %store/vec4 v0x591e277d3270_0, 0, 8;
    %pushi/vec4 2882343476, 0, 32;
    %concati/vec4 1450744508, 0, 32;
    %store/vec4 v0x591e277d2de0_0, 0, 64;
    %fork TD_tb_lphy_sb_pkt_enc.apply_all, S_0x591e277543e0;
    %join;
    %free S_0x591e277543e0;
    %alloc S_0x591e277d4e80;
    %pushi/str "F4";
    %store/str v0x591e277d5500_0;
    %load/vec4 v0x591e277de4f0_0;
    %store/vec4 v0x591e277d5310_0, 0, 64;
    %load/vec4 v0x591e277ddfb0_0;
    %store/vec4 v0x591e277d50b0_0, 0, 64;
    %load/vec4 v0x591e277deb80_0;
    %store/vec4 v0x591e277d53f0_0, 0, 1;
    %fork TD_tb_lphy_sb_pkt_enc.chk_parity, S_0x591e277d4e80;
    %join;
    %free S_0x591e277d4e80;
    %alloc S_0x591e277543e0;
    %pushi/vec4 18, 0, 5;
    %store/vec4 v0x591e277d3350_0, 0, 5;
    %pushi/vec4 2, 0, 3;
    %store/vec4 v0x591e277d3430_0, 0, 3;
    %pushi/vec4 5, 0, 3;
    %store/vec4 v0x591e277d2ec0_0, 0, 3;
    %pushi/vec4 0, 0, 1;
    %store/vec4 v0x591e277d2d40_0, 0, 1;
    %pushi/vec4 0, 0, 1;
    %store/vec4 v0x591e277d2ff0_0, 0, 1;
    %pushi/vec4 0, 0, 5;
    %store/vec4 v0x591e277d3510_0, 0, 5;
    %pushi/vec4 0, 0, 27;
    %store/vec4 v0x591e277509e0_0, 0, 27;
    %pushi/vec4 0, 0, 8;
    %store/vec4 v0x591e277d2c60_0, 0, 8;
    %pushi/vec4 0, 0, 16;
    %store/vec4 v0x591e277d3190_0, 0, 16;
    %pushi/vec4 149, 0, 8;
    %store/vec4 v0x591e277d30b0_0, 0, 8;
    %pushi/vec4 1, 0, 8;
    %store/vec4 v0x591e277d3270_0, 0, 8;
    %pushi/vec4 0, 0, 64;
    %store/vec4 v0x591e277d2de0_0, 0, 64;
    %fork TD_tb_lphy_sb_pkt_enc.apply_all, S_0x591e277543e0;
    %join;
    %free S_0x591e277543e0;
    %alloc S_0x591e277d4e80;
    %pushi/str "F5";
    %store/str v0x591e277d5500_0;
    %load/vec4 v0x591e277de4f0_0;
    %store/vec4 v0x591e277d5310_0, 0, 64;
    %load/vec4 v0x591e277ddfb0_0;
    %store/vec4 v0x591e277d50b0_0, 0, 64;
    %load/vec4 v0x591e277deb80_0;
    %store/vec4 v0x591e277d53f0_0, 0, 1;
    %fork TD_tb_lphy_sb_pkt_enc.chk_parity, S_0x591e277d4e80;
    %join;
    %free S_0x591e277d4e80;
    %alloc S_0x591e277543e0;
    %pushi/vec4 27, 0, 5;
    %store/vec4 v0x591e277d3350_0, 0, 5;
    %pushi/vec4 1, 0, 3;
    %store/vec4 v0x591e277d3430_0, 0, 3;
    %pushi/vec4 5, 0, 3;
    %store/vec4 v0x591e277d2ec0_0, 0, 3;
    %pushi/vec4 0, 0, 1;
    %store/vec4 v0x591e277d2d40_0, 0, 1;
    %pushi/vec4 0, 0, 1;
    %store/vec4 v0x591e277d2ff0_0, 0, 1;
    %pushi/vec4 0, 0, 5;
    %store/vec4 v0x591e277d3510_0, 0, 5;
    %pushi/vec4 0, 0, 27;
    %store/vec4 v0x591e277509e0_0, 0, 27;
    %pushi/vec4 0, 0, 8;
    %store/vec4 v0x591e277d2c60_0, 0, 8;
    %pushi/vec4 0, 0, 16;
    %store/vec4 v0x591e277d3190_0, 0, 16;
    %pushi/vec4 1, 0, 8;
    %store/vec4 v0x591e277d30b0_0, 0, 8;
    %pushi/vec4 0, 0, 8;
    %store/vec4 v0x591e277d3270_0, 0, 8;
    %pushi/vec4 63, 0, 64;
    %store/vec4 v0x591e277d2de0_0, 0, 64;
    %fork TD_tb_lphy_sb_pkt_enc.apply_all, S_0x591e277543e0;
    %join;
    %free S_0x591e277543e0;
    %alloc S_0x591e277d4e80;
    %pushi/str "F6";
    %store/str v0x591e277d5500_0;
    %load/vec4 v0x591e277de4f0_0;
    %store/vec4 v0x591e277d5310_0, 0, 64;
    %load/vec4 v0x591e277ddfb0_0;
    %store/vec4 v0x591e277d50b0_0, 0, 64;
    %load/vec4 v0x591e277deb80_0;
    %store/vec4 v0x591e277d53f0_0, 0, 1;
    %fork TD_tb_lphy_sb_pkt_enc.chk_parity, S_0x591e277d4e80;
    %join;
    %free S_0x591e277d4e80;
    %alloc S_0x591e277543e0;
    %pushi/vec4 18, 0, 5;
    %store/vec4 v0x591e277d3350_0, 0, 5;
    %pushi/vec4 1, 0, 3;
    %store/vec4 v0x591e277d3430_0, 0, 3;
    %pushi/vec4 5, 0, 3;
    %store/vec4 v0x591e277d2ec0_0, 0, 3;
    %pushi/vec4 0, 0, 1;
    %store/vec4 v0x591e277d2d40_0, 0, 1;
    %pushi/vec4 0, 0, 1;
    %store/vec4 v0x591e277d2ff0_0, 0, 1;
    %pushi/vec4 0, 0, 5;
    %store/vec4 v0x591e277d3510_0, 0, 5;
    %pushi/vec4 0, 0, 27;
    %store/vec4 v0x591e277509e0_0, 0, 27;
    %pushi/vec4 0, 0, 8;
    %store/vec4 v0x591e277d2c60_0, 0, 8;
    %pushi/vec4 65535, 0, 16;
    %store/vec4 v0x591e277d3190_0, 0, 16;
    %pushi/vec4 4, 0, 8;
    %store/vec4 v0x591e277d30b0_0, 0, 8;
    %pushi/vec4 1, 0, 8;
    %store/vec4 v0x591e277d3270_0, 0, 8;
    %pushi/vec4 0, 0, 64;
    %store/vec4 v0x591e277d2de0_0, 0, 64;
    %fork TD_tb_lphy_sb_pkt_enc.apply_all, S_0x591e277543e0;
    %join;
    %free S_0x591e277543e0;
    %alloc S_0x591e277d4e80;
    %pushi/str "F7";
    %store/str v0x591e277d5500_0;
    %load/vec4 v0x591e277de4f0_0;
    %store/vec4 v0x591e277d5310_0, 0, 64;
    %load/vec4 v0x591e277ddfb0_0;
    %store/vec4 v0x591e277d50b0_0, 0, 64;
    %load/vec4 v0x591e277deb80_0;
    %store/vec4 v0x591e277d53f0_0, 0, 1;
    %fork TD_tb_lphy_sb_pkt_enc.chk_parity, S_0x591e277d4e80;
    %join;
    %free S_0x591e277d4e80;
    %load/vec4 v0x591e277de3b0_0;
    %load/vec4 v0x591e277de450_0;
    %cmp/e;
    %flag_mov 8, 4;
    %jmp/0 T_21.28, 8;
    %pushi/vec4 1095519264, 0, 32; draw_string_vec4
    %pushi/vec4 1346458451, 0, 32; draw_string_vec4
    %concat/vec4; draw_string_vec4
    %jmp/1 T_21.29, 8;
T_21.28 ; End of true expr.
    %pushi/vec4 1178683724, 0, 32; draw_string_vec4
    %pushi/vec4 1431455059, 0, 32; draw_string_vec4
    %concat/vec4; draw_string_vec4
    %jmp/0 T_21.29, 8;
 ; End of false expr.
    %blend;
T_21.29;
    %vpi_call/w 3 472 "$display", "  Group F: 8 packets \303\227 2 parity checks  [%s]", S<0,vec4,u64> {1 0 0};
    %vpi_call/w 3 478 "$display", "\000" {0 0 0};
    %vpi_call/w 3 479 "$display", "--- Group G : Random stress (100 packets \303\227 5 checks) ---" {0 0 0};
    %fork t_1, S_0x591e277547b0;
    %jmp t_0;
    .scope S_0x591e277547b0;
t_1 ;
    %pushi/vec4 0, 0, 5;
    %ix/load 4, 0, 0;
    %flag_set/imm 4, 0;
    %store/vec4a v0x591e277d43a0, 4, 0;
    %pushi/vec4 1, 0, 5;
    %ix/load 4, 1, 0;
    %flag_set/imm 4, 0;
    %store/vec4a v0x591e277d43a0, 4, 0;
    %pushi/vec4 4, 0, 5;
    %ix/load 4, 2, 0;
    %flag_set/imm 4, 0;
    %store/vec4a v0x591e277d43a0, 4, 0;
    %pushi/vec4 5, 0, 5;
    %ix/load 4, 3, 0;
    %flag_set/imm 4, 0;
    %store/vec4a v0x591e277d43a0, 4, 0;
    %pushi/vec4 8, 0, 5;
    %ix/load 4, 4, 0;
    %flag_set/imm 4, 0;
    %store/vec4a v0x591e277d43a0, 4, 0;
    %pushi/vec4 9, 0, 5;
    %ix/load 4, 5, 0;
    %flag_set/imm 4, 0;
    %store/vec4a v0x591e277d43a0, 4, 0;
    %pushi/vec4 12, 0, 5;
    %ix/load 4, 6, 0;
    %flag_set/imm 4, 0;
    %store/vec4a v0x591e277d43a0, 4, 0;
    %pushi/vec4 13, 0, 5;
    %ix/load 4, 7, 0;
    %flag_set/imm 4, 0;
    %store/vec4a v0x591e277d43a0, 4, 0;
    %pushi/vec4 16, 0, 5;
    %ix/load 4, 8, 0;
    %flag_set/imm 4, 0;
    %store/vec4a v0x591e277d43a0, 4, 0;
    %pushi/vec4 17, 0, 5;
    %ix/load 4, 9, 0;
    %flag_set/imm 4, 0;
    %store/vec4a v0x591e277d43a0, 4, 0;
    %pushi/vec4 25, 0, 5;
    %ix/load 4, 10, 0;
    %flag_set/imm 4, 0;
    %store/vec4a v0x591e277d43a0, 4, 0;
    %pushi/vec4 18, 0, 5;
    %ix/load 4, 11, 0;
    %flag_set/imm 4, 0;
    %store/vec4a v0x591e277d43a0, 4, 0;
    %pushi/vec4 27, 0, 5;
    %ix/load 4, 12, 0;
    %flag_set/imm 4, 0;
    %store/vec4a v0x591e277d43a0, 4, 0;
    %load/vec4 v0x591e277de3b0_0;
    %store/vec4 v0x591e277de450_0, 0, 32;
    %fork t_3, S_0x591e277d3610;
    %jmp t_2;
    .scope S_0x591e277d3610;
t_3 ;
    %pushi/vec4 0, 0, 32;
    %store/vec4 v0x591e277d37f0_0, 0, 32;
T_21.30 ;
    %load/vec4 v0x591e277d37f0_0;
    %cmpi/s 100, 0, 32;
    %jmp/0xz T_21.31, 5;
    %vpi_func 3 506 "$urandom_range" 32, 32'sb00000000000000000000000000000000, 32'sb00000000000000000000000000001100 {0 0 0};
    %cast2;
    %store/vec4 v0x591e277d39d0_0, 0, 32;
    %ix/getv/s 4, v0x591e277d39d0_0;
    %load/vec4a v0x591e277d43a0, 4;
    %store/vec4 v0x591e277d4100_0, 0, 5;
    %vpi_func 3 508 "$urandom" 32 {0 0 0};
    %pushi/vec4 7, 0, 32;
    %and;
    %pad/u 3;
    %store/vec4 v0x591e277d41e0_0, 0, 3;
    %vpi_func 3 509 "$urandom" 32 {0 0 0};
    %pushi/vec4 7, 0, 32;
    %and;
    %pad/u 3;
    %store/vec4 v0x591e277d3d80_0, 0, 3;
    %vpi_func 3 510 "$urandom" 32 {0 0 0};
    %pushi/vec4 31, 0, 32;
    %and;
    %pad/u 5;
    %store/vec4 v0x591e277d42c0_0, 0, 5;
    %vpi_func 3 511 "$random" 32 {0 0 0};
    %pushi/vec4 134217727, 0, 32;
    %and;
    %pad/u 27;
    %store/vec4 v0x591e277d3ab0_0, 0, 27;
    %vpi_func 3 512 "$urandom" 32 {0 0 0};
    %pushi/vec4 255, 0, 32;
    %and;
    %pad/u 8;
    %store/vec4 v0x591e277d3b70_0, 0, 8;
    %vpi_func 3 513 "$random" 32 {0 0 0};
    %pushi/vec4 65535, 0, 32;
    %and;
    %pad/u 16;
    %store/vec4 v0x591e277d3f40_0, 0, 16;
    %vpi_func 3 514 "$urandom" 32 {0 0 0};
    %pushi/vec4 255, 0, 32;
    %and;
    %pad/u 8;
    %store/vec4 v0x591e277d3e60_0, 0, 8;
    %vpi_func 3 515 "$urandom" 32 {0 0 0};
    %pushi/vec4 255, 0, 32;
    %and;
    %pad/u 8;
    %store/vec4 v0x591e277d4020_0, 0, 8;
    %vpi_func 3 516 "$random" 32 {0 0 0};
    %vpi_func 3 516 "$random" 32 {0 0 0};
    %concat/vec4; draw_concat_vec4
    %store/vec4 v0x591e277d3c50_0, 0, 64;
    %alloc S_0x591e277543e0;
    %load/vec4 v0x591e277d4100_0;
    %store/vec4 v0x591e277d3350_0, 0, 5;
    %load/vec4 v0x591e277d41e0_0;
    %store/vec4 v0x591e277d3430_0, 0, 3;
    %load/vec4 v0x591e277d3d80_0;
    %store/vec4 v0x591e277d2ec0_0, 0, 3;
    %pushi/vec4 0, 0, 1;
    %store/vec4 v0x591e277d2d40_0, 0, 1;
    %pushi/vec4 0, 0, 1;
    %store/vec4 v0x591e277d2ff0_0, 0, 1;
    %load/vec4 v0x591e277d42c0_0;
    %store/vec4 v0x591e277d3510_0, 0, 5;
    %load/vec4 v0x591e277d3ab0_0;
    %store/vec4 v0x591e277509e0_0, 0, 27;
    %load/vec4 v0x591e277d3b70_0;
    %store/vec4 v0x591e277d2c60_0, 0, 8;
    %load/vec4 v0x591e277d3f40_0;
    %store/vec4 v0x591e277d3190_0, 0, 16;
    %load/vec4 v0x591e277d3e60_0;
    %store/vec4 v0x591e277d30b0_0, 0, 8;
    %load/vec4 v0x591e277d4020_0;
    %store/vec4 v0x591e277d3270_0, 0, 8;
    %load/vec4 v0x591e277d3c50_0;
    %store/vec4 v0x591e277d2de0_0, 0, 64;
    %fork TD_tb_lphy_sb_pkt_enc.apply_all, S_0x591e277543e0;
    %join;
    %free S_0x591e277543e0;
    %load/vec4 v0x591e277d4100_0;
    %parti/s 1, 0, 2;
    %store/vec4 v0x591e277d38f0_0, 0, 1;
    %alloc S_0x591e277d4460;
    %vpi_func/s 3 524 "$sformatf", "G%0d-2frm", v0x591e277d37f0_0 {0 0 0};
    %store/str v0x591e277d4770_0;
    %load/vec4 v0x591e277deb80_0;
    %store/vec4 v0x591e277d46b0_0, 0, 1;
    %load/vec4 v0x591e277d38f0_0;
    %store/vec4 v0x591e277d45f0_0, 0, 1;
    %fork TD_tb_lphy_sb_pkt_enc.chk1, S_0x591e277d4460;
    %join;
    %free S_0x591e277d4460;
    %alloc S_0x591e277d4810;
    %vpi_func/s 3 527 "$sformatf", "G%0d-op", v0x591e277d37f0_0 {0 0 0};
    %store/str v0x591e277d4bd0_0;
    %alloc S_0x591e277d7b00;
    %load/vec4 v0x591e277de4f0_0;
    %store/vec4 v0x591e277d7de0_0, 0, 64;
    %callf/vec4 TD_tb_lphy_sb_pkt_enc.ext_opcode, S_0x591e277d7b00;
    %free S_0x591e277d7b00;
    %pad/u 64;
    %store/vec4 v0x591e277d4af0_0, 0, 64;
    %pushi/vec4 0, 0, 59;
    %load/vec4 v0x591e277d4100_0;
    %concat/vec4; draw_concat_vec4
    %store/vec4 v0x591e277d49f0_0, 0, 64;
    %pushi/vec4 5, 0, 32;
    %store/vec4 v0x591e277d4d50_0, 0, 32;
    %fork TD_tb_lphy_sb_pkt_enc.chkN, S_0x591e277d4810;
    %join;
    %free S_0x591e277d4810;
    %load/vec4 v0x591e277d38f0_0;
    %flag_set/vec4 8;
    %jmp/0xz  T_21.32, 8;
    %alloc S_0x591e277d4810;
    %vpi_func/s 3 532 "$sformatf", "G%0d-dat", v0x591e277d37f0_0 {0 0 0};
    %store/str v0x591e277d4bd0_0;
    %load/vec4 v0x591e277ddfb0_0;
    %store/vec4 v0x591e277d4af0_0, 0, 64;
    %load/vec4 v0x591e277d3c50_0;
    %store/vec4 v0x591e277d49f0_0, 0, 64;
    %pushi/vec4 64, 0, 32;
    %store/vec4 v0x591e277d4d50_0, 0, 32;
    %fork TD_tb_lphy_sb_pkt_enc.chkN, S_0x591e277d4810;
    %join;
    %free S_0x591e277d4810;
    %jmp T_21.33;
T_21.32 ;
    %alloc S_0x591e277d4810;
    %vpi_func/s 3 534 "$sformatf", "G%0d-gat", v0x591e277d37f0_0 {0 0 0};
    %store/str v0x591e277d4bd0_0;
    %load/vec4 v0x591e277ddfb0_0;
    %store/vec4 v0x591e277d4af0_0, 0, 64;
    %pushi/vec4 0, 0, 64;
    %store/vec4 v0x591e277d49f0_0, 0, 64;
    %pushi/vec4 64, 0, 32;
    %store/vec4 v0x591e277d4d50_0, 0, 32;
    %fork TD_tb_lphy_sb_pkt_enc.chkN, S_0x591e277d4810;
    %join;
    %free S_0x591e277d4810;
T_21.33 ;
    %alloc S_0x591e277d4e80;
    %vpi_func/s 3 538 "$sformatf", "G%0d", v0x591e277d37f0_0 {0 0 0};
    %store/str v0x591e277d5500_0;
    %load/vec4 v0x591e277de4f0_0;
    %store/vec4 v0x591e277d5310_0, 0, 64;
    %load/vec4 v0x591e277ddfb0_0;
    %store/vec4 v0x591e277d50b0_0, 0, 64;
    %load/vec4 v0x591e277deb80_0;
    %store/vec4 v0x591e277d53f0_0, 0, 1;
    %fork TD_tb_lphy_sb_pkt_enc.chk_parity, S_0x591e277d4e80;
    %join;
    %free S_0x591e277d4e80;
    ; show_stmt_assign_vector: Get l-value for compressed += operand
    %load/vec4 v0x591e277d37f0_0;
    %pushi/vec4 1, 0, 32;
    %add;
    %cast2;
    %store/vec4 v0x591e277d37f0_0, 0, 32;
    %jmp T_21.30;
T_21.31 ;
    %end;
    .scope S_0x591e277547b0;
t_2 %join;
    %load/vec4 v0x591e277de3b0_0;
    %load/vec4 v0x591e277de450_0;
    %cmp/e;
    %flag_mov 8, 4;
    %jmp/0 T_21.34, 8;
    %pushi/vec4 1095519264, 0, 32; draw_string_vec4
    %pushi/vec4 1346458451, 0, 32; draw_string_vec4
    %concat/vec4; draw_string_vec4
    %jmp/1 T_21.35, 8;
T_21.34 ; End of true expr.
    %pushi/vec4 1178683724, 0, 32; draw_string_vec4
    %pushi/vec4 1431455059, 0, 32; draw_string_vec4
    %concat/vec4; draw_string_vec4
    %jmp/0 T_21.35, 8;
 ; End of false expr.
    %blend;
T_21.35;
    %vpi_call/w 3 542 "$display", "  Group G: 100 random packets  [%s]", S<0,vec4,u64> {1 0 0};
    %end;
    .scope S_0x591e27754b80;
t_0 %join;
    %vpi_call/w 3 549 "$display", "\000" {0 0 0};
    %vpi_call/w 3 550 "$display", "==============================================================" {0 0 0};
    %vpi_call/w 3 551 "$display", "  TEST SUMMARY" {0 0 0};
    %vpi_call/w 3 552 "$display", "  Passed : %0d", v0x591e277de900_0 {0 0 0};
    %vpi_call/w 3 553 "$display", "  Failed : %0d", v0x591e277de3b0_0 {0 0 0};
    %load/vec4 v0x591e277de900_0;
    %load/vec4 v0x591e277de3b0_0;
    %add;
    %vpi_call/w 3 554 "$display", "  Total  : %0d", S<0,vec4,s32> {1 0 0};
    %load/vec4 v0x591e277de3b0_0;
    %cmpi/e 0, 0, 32;
    %flag_mov 8, 4;
    %jmp/0 T_21.36, 8;
    %pushi/vec4 0, 0, 32; draw_string_vec4
    %pushi/vec4 0, 0, 32; draw_string_vec4
    %concat/vec4; draw_string_vec4
    %pushi/vec4 2763306, 0, 32; draw_string_vec4
    %concat/vec4; draw_string_vec4
    %pushi/vec4 541150284, 0, 32; draw_string_vec4
    %concat/vec4; draw_string_vec4
    %pushi/vec4 542130515, 0, 32; draw_string_vec4
    %concat/vec4; draw_string_vec4
    %pushi/vec4 1394616874, 0, 32; draw_string_vec4
    %concat/vec4; draw_string_vec4
    %pushi/vec4 42, 0, 8; draw_string_vec4
    %concat/vec4; draw_string_vec4
    %jmp/1 T_21.37, 8;
T_21.36 ; End of true expr.
    %pushi/vec4 555819296, 0, 32; draw_string_vec4
    %pushi/vec4 1178683724, 0, 32; draw_string_vec4
    %concat/vec4; draw_string_vec4
    %pushi/vec4 1431455059, 0, 32; draw_string_vec4
    %concat/vec4; draw_string_vec4
    %pushi/vec4 541345108, 0, 32; draw_string_vec4
    %concat/vec4; draw_string_vec4
    %pushi/vec4 1162040389, 0, 32; draw_string_vec4
    %concat/vec4; draw_string_vec4
    %pushi/vec4 1142956321, 0, 32; draw_string_vec4
    %concat/vec4; draw_string_vec4
    %pushi/vec4 33, 0, 8; draw_string_vec4
    %concat/vec4; draw_string_vec4
    %jmp/0 T_21.37, 8;
 ; End of false expr.
    %blend;
T_21.37;
    %vpi_call/w 3 555 "$display", "  Result : %s", S<0,vec4,u200> {1 0 0};
    %vpi_call/w 3 558 "$display", "==============================================================" {0 0 0};
    %vpi_call/w 3 559 "$display", "\000" {0 0 0};
    %load/vec4 v0x591e277de3b0_0;
    %cmpi/ne 0, 0, 32;
    %jmp/0xz  T_21.38, 4;
    %vpi_call/w 3 562 "$fatal", 32'sb00000000000000000000000000000001, "Testbench FAILED with %0d error(s)", v0x591e277de3b0_0 {0 0 0};
T_21.38 ;
    %vpi_call/w 3 563 "$finish" {0 0 0};
    %end;
    .thread T_21;
    .scope S_0x591e27754b80;
T_22 ;
    %delay 2000000000, 0;
    %vpi_call/w 3 566 "$fatal", 32'sb00000000000000000000000000000001, "[WATCHDOG] timeout" {0 0 0};
    %end;
    .thread T_22;
    .scope S_0x591e27754b80;
T_23 ;
    %vpi_call/w 3 569 "$dumpfile", "tb_lphy_sb_pkt_enc.vcd" {0 0 0};
    %vpi_call/w 3 570 "$dumpvars", 32'sb00000000000000000000000000000000, S_0x591e27754b80 {0 0 0};
    %end;
    .thread T_23;
# The file index is used to find the file name in the following table.
:file_names 6;
    "N/A";
    "<interactive>";
    "-";
    "tb/tb_lphy_sb_pkt_enc.sv";
    "lphy_sb_pkt_enc.sv";
    "./lphy_sb_crc.sv";
